"Track URI","Track Name","Album Name","Artist Name(s)","Release Date","Duration (ms)","Popularity","Explicit","Genres","Record Label","Danceability","Energy","Key","Loudness","Mode","Speechiness","Acousticness","Instrumentalness","Liveness","Valence","Tempo","Time Signature"
"spotify:track:53IRnAWx13PYmoVYtemUBS","Femininomenon","The Rise and Fall of a Midwest Princess","Chappell Roan","2023-09-22","219710","76","True","pop","Chappell Roan PS/ Island","0.609","0.758","0","-4.885","0","0.0525","0.139","5.38E-6","0.11","0.236","124.949","4"
"spotify:track:7FOgcfdz9Nx5V9lCNXdBYv","Red Wine Supernova","The Rise and Fall of a Midwest Princess","Chappell Roan","2023-09-22","192720","80","True","pop","Chappell Roan PS/ Island","0.657","0.82","9","-4.448","1","0.0441","0.0176","0","0.0847","0.709","124.041","4"
"spotify:track:4rlQza35DE4Prh5yonxnCs","After Midnight","The Rise and Fall of a Midwest Princess","Chappell Roan","2023-09-22","204857","67","False","pop","Chappell Roan PS/ Island","0.708","0.891","0","-3.826","1","0.0777","0.0248","0","0.0578","0.84","110.058","4"
"spotify:track:6GdUMm5xMw9hJckIc0qsGb","Coffee","The Rise and Fall of a Midwest Princess","Chappell Roan","2023-09-22","205520","63","False","pop","Chappell Roan PS/ Island","0.434","0.219","2","-10.2","1","0.0301","0.948","0","0.0851","0.234","82.602","4"
"spotify:track:3WSOUb3U7tqURbBSgZTrZX","Casual","The Rise and Fall of a Midwest Princess","Chappell Roan","2023-09-22","232796","82","True","pop","Chappell Roan PS/ Island","0.508","0.411","1","-6.95","1","0.0269","0.226","0","0.0571","0.34","131.008","4"
"spotify:track:1rNSCrsOoWyhKH4g47mehU","Super Graphic Ultra Modern Girl","The Rise and Fall of a Midwest Princess","Chappell Roan","2023-09-22","183888","68","False","pop","Chappell Roan PS/ Island","0.646","0.905","1","-4.526","1","0.0695","0.0321","7.93E-6","0.23","0.787","125.891","4"
"spotify:track:4xdBrk0nFZaP54vvZj0yx7","HOT TO GO!","The Rise and Fall of a Midwest Princess","Chappell Roan","2023-09-22","184841","77","False","pop","Chappell Roan PS/ Island","0.742","0.757","6","-4.981","1","0.0421","0.0187","0","0.305","0.957","139.982","4"
"spotify:track:32fSZSbxeVoiZShMQKLc6Z","My Kink Is Karma","The Rise and Fall of a Midwest Princess","Chappell Roan","2023-09-22","222578","69","False","pop","Chappell Roan PS/ Island","0.555","0.599","2","-5.695","1","0.052","0.00925","0","0.102","0.415","86.727","4"
"spotify:track:5KtvumPgVZmt8wg9xONE0T","Picture You","The Rise and Fall of a Midwest Princess","Chappell Roan","2023-09-22","187130","69","False","pop","Chappell Roan PS/ Island","0.354","0.468","4","-5.415","1","0.0334","0.4","0","0.138","0.281","160.586","3"
"spotify:track:4ROYC4vHfPZ28mqz0eLrzL","Kaleidoscope","The Rise and Fall of a Midwest Princess","Chappell Roan","2023-09-22","222650","63","False","pop","Chappell Roan PS/ Island","0.413","0.258","11","-7.257","1","0.0302","0.897","0","0.0801","0.289","136.271","4"
"spotify:track:1k2pQc5i348DCHwbn5KTdc","Pink Pony Club","The Rise and Fall of a Midwest Princess","Chappell Roan","2023-09-22","258034","83","False","pop","Chappell Roan PS/ Island","0.61","0.65","6","-6.199","1","0.0474","0.399","0","0.11","0.507","106.719","4"
"spotify:track:4LKYOetuIF5c9XjeLBL9av","Naked In Manhattan","The Rise and Fall of a Midwest Princess","Chappell Roan","2023-09-22","211057","74","True","pop","Chappell Roan PS/ Island","0.771","0.704","1","-5.098","1","0.0315","0.0835","0","0.0935","0.55","118.01","4"
"spotify:track:6dA1JQt3f3meGzahhNN75m","California","The Rise and Fall of a Midwest Princess","Chappell Roan","2023-09-22","198089","61","False","pop","Chappell Roan PS/ Island","0.454","0.363","1","-10.037","1","0.0585","0.566","0","0.0788","0.361","129.974","4"
"spotify:track:0q8TNCQhwnDwnzq38IVV4l","Guilty Pleasure","The Rise and Fall of a Midwest Princess","Chappell Roan","2023-09-22","224583","61","False","pop","Chappell Roan PS/ Island","0.555","0.599","2","-4.059","1","0.0413","0.0275","0","0.269","0.412","124.054","4"
"spotify:track:679vv2erCk6i6yR0YkcygB","0%","DUAL","SANTOS BRAVOS","2026-03-13","173666","62","False","latino","Republic Records - SANTOS BRAVOS","0.801","0.786","1","-5.559","1","0.1","0.558","2.76E-6","0.0889","0.831","119.987","4"
"spotify:track:2ynQRW3Pw2DmxBZCAzU8Q8","WOW","DUAL","SANTOS BRAVOS","2026-03-13","172266","68","False","latino","Republic Records - SANTOS BRAVOS","0.693","0.691","1","-4.331","1","0.172","0.0408","1.46E-6","0.111","0.661","84.73","4"
"spotify:track:4gHWdRP5ocZkEhq1iDStoI","MHM","DUAL","SANTOS BRAVOS","2026-03-13","139400","71","False","latino","Republic Records - SANTOS BRAVOS","0.76","0.885","9","-3.569","1","0.0691","0.336","0.00202","0.115","0.495","120.053","4"
"spotify:track:7lH8OQPKs4sZl8D6F87RYS","KAWASAKI","DUAL","SANTOS BRAVOS","2026-03-13","157333","63","False","latino","Republic Records - SANTOS BRAVOS","0.695","0.681","1","-4.86","1","0.0362","0.139","1.36E-5","0.81","0.304","144.926","4"
"spotify:track:3J8uUvHttFs8zlYxoiPVe3","VELOCIDADE","DUAL","SANTOS BRAVOS","2026-03-13","133746","76","False","latino","Republic Records - SANTOS BRAVOS","0.849","0.824","1","-5.029","1","0.0778","0.0647","0.000117","0.106","0.856","123.01","4"
"spotify:track:6Js3EC2bEdpdqT8ALuBSVk","FE","DUAL","SANTOS BRAVOS","2026-03-13","181466","66","False","latino","Republic Records - SANTOS BRAVOS","0.526","0.459","2","-7.443","1","0.0509","0.503","0","0.121","0.206","163.72","3"
"spotify:track:4rwMtWf0ZanBaavUKROaXe","MITO","Moodswings In This Order","DPR IAN","2021-03-11","99040","44","False","rap","DREAM PERFECT REGIME (DPR)","0.626","0.73","11","-6.989","1","0.0484","0.0867","0.0927","0.11","0.462","144.969","4"
"spotify:track:6syar8JKCt3R9ZBl11zmgI","So Beautiful","Moodswings In This Order","DPR IAN","2021-03-11","187226","63","False","rap","DREAM PERFECT REGIME (DPR)","0.806","0.735","7","-4.833","0","0.0491","0.281","0.000351","0.0722","0.788","122.025","4"
"spotify:track:6cvbvXaRbQcuv54SjYXP86","Dope Lovers","Moodswings In This Order","DPR IAN","2021-03-11","200373","60","False","rap","DREAM PERFECT REGIME (DPR)","0.641","0.799","9","-5.661","1","0.0479","0.26","0","0.192","0.805","160.008","4"
"spotify:track:4lpvCG7eNzHAXwvMxWUNjz","No Blueberries","Moodswings In This Order","DPR IAN;DPR LIVE;CL","2021-03-11","185106","61","False","rap, pop","DREAM PERFECT REGIME (DPR)","0.721","0.617","4","-6.178","0","0.0386","0.507","0","0.252","0.902","148.032","4"
"spotify:track:2qwplOI7upNGwg2mLVrraw","Nerves","Moodswings In This Order","DPR IAN","2021-03-11","195013","61","False","rap","DREAM PERFECT REGIME (DPR)","0.627","0.662","11","-4.773","0","0.035","0.264","0","0.115","0.321","140.007","4"
"spotify:track:4LkXtklCusSbi6UxYWgH8B","Scaredy Cat","Moodswings In This Order","DPR IAN","2021-03-11","170800","58","False","rap","DREAM PERFECT REGIME (DPR)","0.801","0.686","5","-4.252","0","0.0414","0.133","0","0.0882","0.885","120.007","4"
"spotify:track:3Gh9maavHOFRoRkzVw0a6Q","Welcome To The Show","Moodswings In This Order","DPR IAN","2021-03-11","205213","51","False","rap","DREAM PERFECT REGIME (DPR)","0.486","0.482","8","-5.608","1","0.0249","0.701","0","0.351","0.229","83.922","4"
"spotify:track:21bty2KT6tMsceRDsuORBy","No Silhouette","Moodswings In This Order","DPR IAN","2021-03-11","149013","49","False","rap","DREAM PERFECT REGIME (DPR)","0.552","0.696","1","-5.656","1","0.0525","0.212","0.00809","0.172","0.452","124.927","4"
"spotify:track:63fKobYkOInUrQL1Kb1oME","Seraph","Moodswings In To Order","DPR IAN","2022-07-29","146026","47","False","rap","DREAM PERFECT REGIME (DPR)","0.273","0.401","1","-9.675","1","0.0325","0.784","0.078","0.112","0.0405","94.224","4"
"spotify:track:7I8fc2jrGKXtlWFYrV9ZIq","1 Shot","Moodswings In To Order","DPR IAN","2022-07-29","144306","51","False","rap","DREAM PERFECT REGIME (DPR)","0.668","0.762","11","-5.508","0","0.0614","0.263","0.00208","0.0974","0.496","170.033","4"
"spotify:track:0nEsLR5KTySCO9CfyC2yjg","Mood","Moodswings In To Order","DPR IAN","2022-07-29","182480","59","False","rap","DREAM PERFECT REGIME (DPR)","0.669","0.452","4","-8.842","0","0.0517","0.5","2.73E-6","0.119","0.279","97.992","4"
"spotify:track:7hu1jbKiv9hHkjeeZ1L1TB","Miss Understood","Moodswings In To Order","DPR IAN","2022-07-29","200880","51","True","rap","DREAM PERFECT REGIME (DPR)","0.516","0.616","6","-9.584","0","0.0402","0.526","0.0318","0.111","0.792","117.905","4"
"spotify:track:0K4p7uv5Pw5NE8LrF6HE7q","Avalon","Moodswings In To Order","DPR IAN","2022-07-29","195653","54","False","rap","DREAM PERFECT REGIME (DPR)","0.734","0.59","6","-8.846","1","0.0351","0.582","0.000524","0.117","0.479","120.049","4"
"spotify:track:20TNOr28Qj4kuOfzYRNXKn","Merry Go","Moodswings In To Order","DPR IAN","2022-07-29","190426","57","False","rap","DREAM PERFECT REGIME (DPR)","0.57","0.64","8","-7.16","0","0.0603","0.497","0.00488","0.263","0.337","146.685","4"
"spotify:track:2DRLpcA0XTBRt2T2IRUHJO","Ribbon","Moodswings In To Order","DPR IAN","2022-07-29","215320","50","True","rap","DREAM PERFECT REGIME (DPR)","0.791","0.657","10","-5.92","0","0.0818","0.132","0.00359","0.129","0.583","104.981","4"
"spotify:track:4WdDXnj1AxoRpuX7eEvFCh","Winterfall","Moodswings In To Order","DPR IAN","2022-07-29","216360","52","True","rap","DREAM PERFECT REGIME (DPR)","0.483","0.414","6","-9.115","0","0.0385","0.629","0.0158","0.263","0.189","99.042","4"
"spotify:track:6rgMOrZmsa3eKZfRSw1587","Calico","Moodswings In To Order","DPR IAN","2022-07-29","222520","58","False","rap","DREAM PERFECT REGIME (DPR)","0.867","0.522","10","-8.06","0","0.0388","0.289","0","0.0948","0.788","99.972","4"
"spotify:track:5SvmJngLXRLDAQ41mFsfGE","Mr. Insanity","Moodswings In To Order","DPR IAN","2022-07-29","167293","53","False","rap","DREAM PERFECT REGIME (DPR)","0.856","0.624","11","-6.667","1","0.0348","0.462","0","0.262","0.867","109.951","4"
"spotify:track:4vJfBno2d0mTjMcYn5lEln","Ballroom Extravaganza","Moodswings In To Order","DPR IAN","2022-07-29","189946","61","False","rap","DREAM PERFECT REGIME (DPR)","0.513","0.772","5","-5.789","1","0.0352","0.112","0.00081","0.121","0.409","145.084","4"
"spotify:track:3jxJsU6iTR8bmf3mbq2avt","Sometimes I'm","Moodswings In To Order","DPR IAN","2022-07-29","157173","49","False","rap","DREAM PERFECT REGIME (DPR)","0.808","0.512","4","-8.762","1","0.212","0.235","0","0.204","0.808","149.952","4"
"spotify:track:1N1ZpYUJc9fwrqk53FGgWv","Santa's Coming for Us","Everyday Is Christmas (Deluxe Edition)","Sia","2018-11-01","206539","51","False","pop","Monkey Puzzle/Atlantic","0.668","0.857","1","-4.485","1","0.0994","0.0202","0","0.047","0.718","93.01","4"
"spotify:track:4KevTcBXEIYxXVyPE78XXm","Candy Cane Lane","Everyday Is Christmas (Deluxe Edition)","Sia","2018-11-01","212386","50","False","pop","Monkey Puzzle/Atlantic","0.591","0.91","1","-4.219","0","0.0621","0.00361","5.64E-5","0.0843","0.393","130.031","4"
"spotify:track:7uoFMmxln0GPXQ0AcCBXRq","Snowman","Everyday Is Christmas (Deluxe Edition)","Sia","2018-11-01","165900","76","False","pop","Monkey Puzzle/Atlantic","0.717","0.524","1","-6.222","1","0.0331","0.426","0","0.0932","0.339","104.953","3"
"spotify:track:0DbGG3nbq1R3TNLkKTx6aZ","Snowflake","Everyday Is Christmas (Deluxe Edition)","Sia","2018-11-01","242864","40","False","pop","Monkey Puzzle/Atlantic","0.598","0.354","3","-8.568","1","0.0298","0.444","0","0.0992","0.183","134.157","4"
"spotify:track:22Vt9E25fsRcQdcUjNTUQr","Ho Ho Ho","Everyday Is Christmas (Deluxe Edition)","Sia","2018-11-01","205626","47","False","pop","Monkey Puzzle/Atlantic","0.713","0.734","0","-5.111","1","0.0407","0.0271","0","0.117","0.844","129.04","4"
"spotify:track:5Uj1LL6HaSFYlfyC6o42ZC","Puppies Are Forever","Everyday Is Christmas (Deluxe Edition)","Sia","2018-11-01","223362","37","False","pop","Monkey Puzzle/Atlantic","0.458","0.943","11","-3.565","1","0.136","0.0255","0","0.176","0.665","169.904","4"
"spotify:track:0ApkFFU362NocXTexqWPYn","Sunshine","Everyday Is Christmas (Deluxe Edition)","Sia","2018-11-01","205981","38","False","pop","Monkey Puzzle/Atlantic","0.625","0.849","6","-3.974","0","0.035","0.0932","0","0.064","0.604","118.009","4"
"spotify:track:6HFKeEGEJGI0rIyg2r0iLo","Underneath the Mistletoe","Everyday Is Christmas (Deluxe Edition)","Sia","2018-11-01","230196","43","False","pop","Monkey Puzzle/Atlantic","0.606","0.677","5","-5.571","1","0.0314","0.00973","0","0.114","0.496","123.932","4"
"spotify:track:30DnQCN64v8xBpGZpLgb6l","Everyday Is Christmas","Everyday Is Christmas (Deluxe Edition)","Sia","2018-11-01","203660","46","False","pop","Monkey Puzzle/Atlantic","0.555","0.521","0","-6.212","0","0.0289","0.0338","9.06E-6","0.103","0.201","148.081","3"
"spotify:track:1KuPjp2SyimuFq2Hh62Tym","Underneath the Christmas Lights","Everyday Is Christmas (Deluxe Edition)","Sia","2018-11-01","216568","36","False","pop","Monkey Puzzle/Atlantic","0.359","0.172","5","-9.88","1","0.0375","0.98","1.43E-5","0.104","0.164","110.522","4"
"spotify:track:7nMwW8hKct1yCCOpaNmMaY","Round and Round","Everyday Is Christmas (Deluxe Edition)","Sia","2018-11-01","149401","33","False","pop","Monkey Puzzle/Atlantic","0.792","0.91","11","-3.106","1","0.0764","0.051","0.00398","0.0705","0.963","119.977","4"
"spotify:track:3msZWSvVMIybnhN29nK2KM","Sing for My Life","Everyday Is Christmas (Deluxe Edition)","Sia","2018-11-01","224516","41","False","pop","Monkey Puzzle/Atlantic","0.548","0.502","5","-5.455","1","0.0291","0.53","1.39E-6","0.215","0.169","124.121","4"
"spotify:track:3lhTIJepO4zHFK7sllezGz","My Old Santa Claus","Everyday Is Christmas (Deluxe Edition)","Sia","2018-11-01","204325","37","False","pop","Monkey Puzzle/Atlantic","0.624","0.879","9","-4.143","1","0.139","0.0167","0","0.0754","0.722","122.018","4"
"spotify:track:6NT8CJJ0H15tDhJnY3qgSb","Inside Out","Inside Out","Gemini","2021-11-24","111053","46","False","rap","Genie Music Corporation, Stone Music Entertainment","0.704","0.654","4","-5.238","0","0.0576","0.498","2.74E-5","0.271","0.359","100.011","4"
"spotify:track:3RIDQ0NiYcV896kb0mWz3k","UFO","Inside Out","Gemini;Seori","2021-11-24","199986","53","False","rap","Genie Music Corporation, Stone Music Entertainment","0.625","0.676","6","-5.859","1","0.079","0.065","0","0.157","0.782","95.928","4"
"spotify:track:5ZferkYdwqUkvoh7Z92bhb","Light It Up","Inside Out","Gemini;Kid Milli","2021-11-24","216240","34","True","rap","Genie Music Corporation, Stone Music Entertainment","0.63","0.835","8","-4.735","0","0.166","0.14","0","0.188","0.684","161.9","4"
"spotify:track:3tgGCG1YhSC8bYUyF3g1CJ","Naked","Inside Out","Gemini;Leellamarz","2021-11-24","209346","39","True","rap","Genie Music Corporation, Stone Music Entertainment","0.81","0.708","1","-4.789","0","0.0549","0.234","0","0.102","0.749","101.994","4"
"spotify:track:2l67AOfgcLb7eMB3LyF7a4","Making Love","Inside Out","Gemini;pH-1","2021-11-24","169773","37","False","rap","Genie Music Corporation, Stone Music Entertainment","0.856","0.604","6","-4.893","0","0.0887","0.0277","1.93E-6","0.135","0.702","92.05","4"
"spotify:track:4g48Kvrs2xsALDlq8EmhbR","Slo-mo","Inside Out","Gemini","2021-11-24","191546","44","False","rap","Genie Music Corporation, Stone Music Entertainment","0.346","0.559","3","-5.192","1","0.0376","0.599","0","0.408","0.461","87.131","4"
"spotify:track:7oMO7RuNewm5fRRIEAzrYx","MIA","Inside Out","Gemini;CAMO;WOODZ","2021-11-24","195026","31","False","rap, rock, pop","Genie Music Corporation, Stone Music Entertainment","0.534","0.685","5","-6.082","0","0.0681","0.202","0","0.0961","0.445","84.912","4"
"spotify:track:1DexsORdmqTmYJjR3UlMTZ","Touch","Touch","KATSEYE","2024-08-05","129882","52","False","pop","HYBE/Geffen","0.731","0.904","0","-2.628","0","0.0435","0.54","2.1E-5","0.0943","0.77","167.033","4"
"spotify:track:51vxoV3FhWcxY6GPjpMuFL","Debut","Touch","KATSEYE","2024-08-05","123281","49","False","pop","HYBE/Geffen","0.86","0.605","11","-4.34","1","0.0782","0.00854","0","0.175","0.687","121.987","4"
"spotify:track:6lzc0Al0zfZOIFsFvBS1ki","State Of Grace (Taylor's Version)","Red (Taylor's Version)","Taylor Swift","2021-11-12","295413","65","False","pop","Taylor Swift","0.594","0.713","9","-5.314","1","0.0503","0.000328","0","0.114","0.328","129.958","4"
"spotify:track:4OAuvHryIVv4kMDNSLuPt6","Red (Taylor's Version)","Red (Taylor's Version)","Taylor Swift","2021-11-12","223093","76","False","pop","Taylor Swift","0.516","0.777","1","-4.908","0","0.0375","0.00108","1.62E-6","0.0761","0.408","125.047","4"
"spotify:track:3S7HNKPakdwNEBFIVTL6dZ","Treacherous (Taylor's Version)","Red (Taylor's Version)","Taylor Swift","2021-11-12","242720","64","False","pop","Taylor Swift","0.645","0.593","2","-6.506","1","0.0288","0.0344","0.000127","0.13","0.299","109.984","4"
"spotify:track:6AtZLIzUINvExIUy4QhdjP","I Knew You Were Trouble (Taylor's Version)","Red (Taylor's Version)","Taylor Swift","2021-11-12","219760","72","False","pop","Taylor Swift","0.584","0.557","6","-6.371","1","0.0342","0.0129","0","0.0576","0.767","154.008","4"
"spotify:track:3nsfB1vus2qaloUdcBZvDu","All Too Well (Taylor's Version)","Red (Taylor's Version)","Taylor Swift","2021-11-12","329160","74","False","pop","Taylor Swift","0.44","0.528","0","-7.809","1","0.0317","0.0171","0.00203","0.234","0.132","185.972","4"
"spotify:track:3yII7UwgLF6K5zW3xad3MP","22 (Taylor's Version)","Red (Taylor's Version)","Taylor Swift","2021-11-12","230960","71","False","pop","Taylor Swift","0.642","0.695","7","-5.62","1","0.0281","0.000443","1.02E-5","0.0753","0.642","103.984","4"
"spotify:track:2r9CbjYgFhtAmcFv1cSquB","I Almost Do (Taylor's Version)","Red (Taylor's Version)","Taylor Swift","2021-11-12","244586","65","False","pop","Taylor Swift","0.511","0.559","4","-6.587","1","0.0264","0.0167","0","0.113","0.248","145.88","4"
"spotify:track:5YqltLsjdqFtvqE7Nrysvs","We Are Never Ever Getting Back Together (Taylor's Version)","Red (Taylor's Version)","Taylor Swift","2021-11-12","193146","73","False","pop","Taylor Swift","0.567","0.686","7","-6.139","1","0.175","0.0317","1.86E-6","0.0732","0.716","172.014","4"
"spotify:track:7eQj6r5PIdYKEIZjucBMcq","Stay Stay Stay (Taylor's Version)","Red (Taylor's Version)","Taylor Swift","2021-11-12","205786","62","False","pop","Taylor Swift","0.693","0.681","0","-7.039","1","0.025","0.0848","0","0.0768","0.663","100.02","4"
"spotify:track:0y6kdSRCVQhSsHSpWvTUm7","The Last Time (feat. Gary Lightbody of Snow Patrol) (Taylor’s Version)","Red (Taylor's Version)","Taylor Swift;Gary Lightbody","2021-11-12","299080","67","False","pop","Taylor Swift","0.502","0.534","2","-5.954","1","0.0278","0.0399","0","0.0977","0.155","94.05","4"
"spotify:track:7J4b3LVCIGO4CMBDFLPoP6","Holy Ground (Taylor's Version)","Red (Taylor's Version)","Taylor Swift","2021-11-12","202960","63","False","pop","Taylor Swift","0.622","0.809","9","-5.623","1","0.0638","0.0288","0.00218","0.109","0.511","156.894","4"
"spotify:track:73qMN9bXy7MSPwwGfH3wQr","Sad Beautiful Tragic (Taylor's Version)","Red (Taylor's Version)","Taylor Swift","2021-11-12","284773","65","False","pop","Taylor Swift","0.601","0.406","7","-11.827","1","0.0275","0.622","9.19E-5","0.133","0.232","130.059","3"
"spotify:track:4e5ayHsOLJNLTGfjau2mEw","The Lucky One (Taylor's Version)","Red (Taylor's Version)","Taylor Swift","2021-11-12","240466","61","False","pop","Taylor Swift","0.686","0.571","4","-7.138","1","0.05","0.066","0","0.0608","0.538","117.889","4"
"spotify:track:7qEUFOVcxRI19tbT68JcYK","Everything Has Changed (feat. Ed Sheeran) (Taylor’s Version)","Red (Taylor's Version)","Taylor Swift;Ed Sheeran","2021-11-12","245426","72","False","pop","Taylor Swift","0.498","0.61","6","-5.098","1","0.0363","0.271","0","0.223","0.474","79.918","4"
"spotify:track:7A2cNLRT0YJc1yjxHlKihs","Starlight (Taylor's Version)","Red (Taylor's Version)","Taylor Swift","2021-11-12","220413","62","False","pop","Taylor Swift","0.628","0.685","4","-5.864","1","0.0358","0.00324","0","0.18","0.605","126.014","4"
"spotify:track:05GsNucq8Bngd9fnd4fRa0","Begin Again (Taylor's Version)","Red (Taylor's Version)","Taylor Swift","2021-11-12","238866","70","False","pop","Taylor Swift","0.519","0.527","7","-7.673","1","0.0274","0.075","0","0.132","0.267","78.915","4"
"spotify:track:0NRHj8hDwwmSPaA41o379r","The Moment I Knew (Taylor's Version)","Red (Taylor's Version)","Taylor Swift","2021-11-12","285280","62","False","pop","Taylor Swift","0.636","0.402","7","-7.855","1","0.031","0.0494","0","0.107","0.208","125.952","4"
"spotify:track:4pNApnaUWAL2J4KO2eqokq","Come Back...Be Here (Taylor's Version)","Red (Taylor's Version)","Taylor Swift","2021-11-12","223333","67","False","pop","Taylor Swift","0.46","0.632","4","-6.031","1","0.0302","0.0158","0","0.0822","0.399","79.846","4"
"spotify:track:0DMVrlMUn01M0IcpDbwgu7","Girl At Home (Taylor's Version)","Red (Taylor's Version)","Taylor Swift","2021-11-12","220520","60","False","pop","Taylor Swift","0.691","0.736","5","-6.974","1","0.0326","0.00955","1.88E-5","0.101","0.612","125.089","4"
"spotify:track:5jAIouBES8LWMiriuNq170","State Of Grace (Acoustic Version) (Taylor's Version)","Red (Taylor's Version)","Taylor Swift","2021-11-12","321640","61","False","pop","Taylor Swift","0.445","0.131","7","-13.778","1","0.0564","0.663","1.57E-6","0.108","0.101","208.918","3"
"spotify:track:7nWui6jiMM2m9qFmET1Mtj","Ronan (Taylor's Version)","Red (Taylor's Version)","Taylor Swift","2021-11-12","264253","57","False","pop","Taylor Swift","0.623","0.279","0","-10.802","1","0.031","0.661","0","0.193","0.38","116.04","4"
"spotify:track:4OmFmE0fzcMG6g0Y8p4eSD","Better Man (Taylor's Version) (From The Vault)","Red (Taylor's Version)","Taylor Swift","2021-11-12","297013","71","False","pop","Taylor Swift","0.473","0.579","4","-5.824","1","0.0384","0.214","0","0.0877","0.255","73.942","4"
"spotify:track:01K4zKU104LyJ8gMb7227B","Nothing New (feat. Phoebe Bridgers) (Taylor’s Version) (From The Vault)","Red (Taylor's Version)","Taylor Swift;Phoebe Bridgers","2021-11-12","258812","71","False","pop","Taylor Swift","0.606","0.377","0","-9.455","1","0.0275","0.817","0","0.154","0.446","101.96","4"
"spotify:track:0v4z1tuZvn6LGknom9Qx7d","Babe (Taylor's Version) (From The Vault)","Red (Taylor's Version)","Taylor Swift","2021-11-12","224240","66","False","pop","Taylor Swift","0.584","0.743","4","-7.075","1","0.0931","0.0538","2.83E-6","0.121","0.746","167.844","4"
"spotify:track:3z6XUommYDWPHeFhmhhT6j","Message In A Bottle (Taylor's Version) (From The Vault)","Red (Taylor's Version)","Taylor Swift","2021-11-12","225960","73","False","pop","Taylor Swift","0.622","0.791","7","-6.106","1","0.0535","0.00188","3.72E-6","0.083","0.494","115.915","4"
"spotify:track:4CkgMiMqZ5JzW9iYXSTMTL","I Bet You Think About Me (feat. Chris Stapleton) (Taylor’s Version) (From The Vault)","Red (Taylor's Version)","Taylor Swift;Chris Stapleton","2021-11-12","285106","71","True","country","Taylor Swift","0.391","0.715","0","-4.516","1","0.0495","0.167","0","0.183","0.473","149.654","3"
"spotify:track:3oGVx9RBmiYGv5ZCecWLkx","Forever Winter (Taylor's Version) (From The Vault)","Red (Taylor's Version)","Taylor Swift","2021-11-12","263533","62","False","pop","Taylor Swift","0.611","0.552","7","-5.828","1","0.031","0.256","0","0.134","0.41","116.012","4"
"spotify:track:4IQkfUsrwXol38VV3U7t7T","Run (feat. Ed Sheeran) (Taylor’s Version) (From The Vault)","Red (Taylor's Version)","Taylor Swift;Ed Sheeran","2021-11-12","240226","62","False","pop","Taylor Swift","0.61","0.488","3","-6.918","1","0.0293","0.817","0","0.312","0.443","125.039","4"
"spotify:track:6pYNq0ZwpPVazKzsqpf0G8","The Very First Night (Taylor's Version) (From The Vault)","Red (Taylor's Version)","Taylor Swift","2021-11-12","200280","68","False","pop","Taylor Swift","0.678","0.733","7","-5.025","1","0.0281","0.00115","0","0.104","0.581","121.009","4"
"spotify:track:5enxwA8aAbwZbf5qCHORXi","All Too Well (10 Minute Version) (Taylor's Version) (From The Vault)","Red (Taylor's Version)","Taylor Swift","2021-11-12","613026","83","True","pop","Taylor Swift","0.631","0.518","0","-8.771","1","0.0303","0.274","0","0.088","0.205","93.023","4"
"spotify:track:4P76CEIXrrWT2cgS1YrTMr","Genesis","Dua Lipa (Deluxe)","Dua Lipa","2017-06-02","205720","56","False","pop","Warner Records","0.715","0.572","7","-6.853","1","0.0745","0.0244","0","0.26","0.429","113.02","4"
"spotify:track:2OWKDTonST8HNko3dBlPPp","Lost In Your Light (feat. Miguel)","Dua Lipa (Deluxe)","Dua Lipa;Miguel","2017-06-02","203769","52","False","pop, r&b","Warner Records","0.646","0.772","2","-3.826","1","0.0564","0.000402","0","0.102","0.414","117.097","4"
"spotify:track:5eTNdkstwKaNahHf41fJ9u","Hotter Than Hell","Dua Lipa (Deluxe)","Dua Lipa","2017-06-02","187957","63","False","pop","Warner Records","0.532","0.868","3","-4.23","0","0.0908","0.011","0","0.0584","0.529","110.127","4"
"spotify:track:7FCfMXYTIiQ9b4hDYs4Iol","Be the One","Dua Lipa (Deluxe)","Dua Lipa","2017-06-02","202914","71","False","pop","Warner Records","0.661","0.651","7","-3.771","0","0.0499","0.117","1.32E-5","0.056","0.368","87.46","4"
"spotify:track:76cy1WJvNGJTj78UqeA5zr","IDGAF","Dua Lipa (Deluxe)","Dua Lipa","2017-06-02","217946","75","True","pop","Warner Records","0.836","0.544","7","-5.975","1","0.0943","0.0403","0","0.0824","0.51","97.028","4"
"spotify:track:2eAAEa8pxKF7My0EO4rFgR","Blow Your Mind (Mwah)","Dua Lipa (Deluxe)","Dua Lipa","2017-06-02","178583","63","True","pop","Warner Records","0.654","0.796","2","-4.761","0","0.122","0.0188","0","0.0948","0.491","108.854","4"
"spotify:track:1mxaufUe16G9wOoG9ptUqr","Garden","Dua Lipa (Deluxe)","Dua Lipa","2017-06-02","227946","46","False","pop","Warner Records","0.46","0.828","10","-4.005","0","0.148","0.00475","0","0.141","0.419","151.548","4"
"spotify:track:0mDGNetRxywxqgiXFbagZh","No Goodbyes","Dua Lipa (Deluxe)","Dua Lipa","2017-06-02","216080","52","False","pop","Warner Records","0.678","0.714","0","-4.924","1","0.0408","0.00795","0","0.0827","0.307","109.021","4"
"spotify:track:0gtSPYz0OHoF7k09Auq1uC","Thinking 'Bout You","Dua Lipa (Deluxe)","Dua Lipa","2017-06-02","171946","48","False","pop","Warner Records","0.802","0.481","4","-5.132","0","0.043","0.0856","0","0.152","0.468","90.973","4"
"spotify:track:2ekn2ttSfGqwhhate0LSR0","New Rules","Dua Lipa (Deluxe)","Dua Lipa","2017-06-02","209320","79","False","pop","Warner Records","0.762","0.7","9","-6.021","0","0.0694","0.00261","1.56E-5","0.153","0.608","116.073","4"
"spotify:track:4wNQAG2BzbVkLhdajjxGpR","Begging","Dua Lipa (Deluxe)","Dua Lipa","2017-06-02","194106","48","False","pop","Warner Records","0.683","0.794","8","-4.558","1","0.0533","0.024","0","0.302","0.327","105.941","4"
"spotify:track:5E5MqaS6eOsbaJibl3YeMZ","Homesick","Dua Lipa (Deluxe)","Dua Lipa","2017-06-02","230480","59","False","pop","Warner Records","0.426","0.224","6","-8.683","1","0.0391","0.948","0","0.112","0.399","85.728","5"
"spotify:track:2qxagPKgS2Wc05MLmJucBE","Dreams","Dua Lipa (Deluxe)","Dua Lipa","2017-06-02","220240","45","False","pop","Warner Records","0.728","0.824","9","-4.581","0","0.07","0.0688","0","0.332","0.894","105.001","4"
"spotify:track:4isCUHcZJs0o8niODly6qc","Room for 2","Dua Lipa (Deluxe)","Dua Lipa","2017-06-02","208689","43","False","pop","Warner Records","0.536","0.488","9","-5.752","1","0.0354","0.396","1.44E-5","0.133","0.382","75.761","4"
"spotify:track:2qES7NEo0DCDvi707VS3HC","New Love","Dua Lipa (Deluxe)","Dua Lipa","2017-06-02","271934","49","False","pop","Warner Records","0.579","0.621","1","-8.625","1","0.0445","0.152","4.01E-6","0.0869","0.343","90.354","4"
"spotify:track:0LwbO2KIQw1uR2FCqwaKAu","Bad Together","Dua Lipa (Deluxe)","Dua Lipa","2017-06-02","238826","46","False","pop","Warner Records","0.703","0.628","5","-6.349","0","0.0284","0.0076","0","0.471","0.425","103.983","4"
"spotify:track:1oXHXIB8rHgwHSsPRNjEzn","Last Dance","Dua Lipa (Deluxe)","Dua Lipa","2017-06-02","228976","54","False","pop","Warner Records","0.589","0.578","8","-5.626","0","0.0454","0.0232","0","0.0984","0.38","135.77","4"
"spotify:track:608wYP5XWenLz8cOSYjX7X","Fragile","Everything I Know About Love","Laufey","2022-08-26","241080","72","False","jazz, pop","Laufey","0.361","0.413","3","-12.43","1","0.065","0.931","0.000179","0.231","0.336","149.301","4"
"spotify:track:38TpUKiHQZyBKiD9LMMy6X","Beautiful Stranger","Everything I Know About Love","Laufey","2022-08-26","201266","66","False","jazz, pop","Laufey","0.609","0.231","1","-12.348","1","0.0375","0.898","5.63E-5","0.316","0.354","84.007","3"
"spotify:track:6cx5CvFhqN19efStehJqoW","Valentine","Everything I Know About Love","Laufey","2022-08-26","168906","78","False","jazz, pop","Laufey","0.472","0.204","3","-13.065","1","0.0452","0.917","0","0.107","0.224","82.51","4"
"spotify:track:4bQaYjJTtUC1tNlZGDwENU","Above The Chinese Restaurant","Everything I Know About Love","Laufey","2022-08-26","223173","60","False","jazz, pop","Laufey","0.274","0.29","2","-13.629","1","0.0417","0.838","0.00113","0.458","0.193","180.178","3"
"spotify:track:2OcTokSU4FnEaIMpNSAh9F","Dear Soulmate","Everything I Know About Love","Laufey","2022-08-26","260026","58","False","jazz, pop","Laufey","0.286","0.117","11","-16.238","1","0.0364","0.952","1.31E-5","0.105","0.23","178.048","3"
"spotify:track:4TvZH3MgJ1ZNBPquN2xwjK","What Love Will Do to You","Everything I Know About Love","Laufey","2022-08-26","171253","61","False","jazz, pop","Laufey","0.409","0.219","1","-11.73","1","0.0572","0.94","1.14E-6","0.11","0.382","76.061","4"
"spotify:track:4IqrPu63viykyz34gUYKAx","I've Never Been In Love Before","Everything I Know About Love","Laufey","2022-08-26","222146","55","False","jazz, pop","Laufey","0.375","0.19","7","-10.845","1","0.037","0.912","2.28E-6","0.0965","0.101","139.811","4"
"spotify:track:1yNylaCqr4SbSUcgvStBGJ","Just Like Chet","Everything I Know About Love","Laufey","2022-08-26","216453","57","False","jazz, pop","Laufey","0.424","0.136","2","-15.209","1","0.0454","0.98","0.000149","0.0943","0.452","82.611","4"
"spotify:track:0AwmMHWOVftwCi5hkcNQ5z","Everything I Know About Love","Everything I Know About Love","Laufey","2022-08-26","209706","60","False","jazz, pop","Laufey","0.66","0.329","7","-7.44","1","0.0439","0.615","0","0.332","0.513","68.038","4"
"spotify:track:4KGGeE7RJsgLNZmnxGFlOj","Falling Behind","Everything I Know About Love","Laufey","2022-08-26","173640","83","False","jazz, pop","Laufey","0.449","0.353","7","-12.986","1","0.0915","0.942","0.0786","0.109","0.55","165.888","4"
"spotify:track:46gvG4Btf56iVXysXR3KLn","Hi","Everything I Know About Love","Laufey","2022-08-26","193573","55","False","jazz, pop","Laufey","0.466","0.112","7","-15.298","1","0.0519","0.967","1.02E-6","0.108","0.332","113.484","4"
"spotify:track:1WUAyibDAavzj94N8JwVpW","Dance With You Tonight","Everything I Know About Love","Laufey","2022-08-26","158560","57","False","jazz, pop","Laufey","0.594","0.287","5","-8.933","1","0.0373","0.931","5.68E-6","0.111","0.319","107.57","4"
"spotify:track:586XY9PKIeyOtclmPvF1yS","Night Light","Everything I Know About Love","Laufey","2022-08-26","242186","58","False","jazz, pop","Laufey","0.2","0.299","3","-9.672","1","0.0327","0.947","0.000201","0.0954","0.144","61.134","4"
"spotify:track:37OFAZ00hyRo6o3tPE6IAU","Mentía","Miranda Es Imposible!","Miranda!","2009-07-25","215240","60","False","pop, latino","Pelo Music S.A.","0.704","0.72","11","-6.16","1","0.0539","0.00785","0.00239","0.115","0.942","132.014","4"
"spotify:track:6jwG1e9lOKKYNNVrTDhTNm","Lo Que Siento por Ti","Miranda Es Imposible!","Miranda!","2009-07-25","192506","57","False","pop, latino","Pelo Music S.A.","0.525","0.791","2","-4.987","1","0.0332","0.101","0","0.0827","0.838","188.038","4"
"spotify:track:4iMRtKIQFuxUfKCntNHygw","Romance Juvenil","Miranda Es Imposible!","Miranda!","2009-07-25","216200","38","False","pop, latino","Pelo Music S.A.","0.767","0.506","0","-5.161","1","0.032","0.0185","0","0.268","0.679","98.013","4"
"spotify:track:5ZHIRNSpqMEUa4GkYdkTBW","El Showcito","Miranda Es Imposible!","Miranda!","2009-07-25","196986","33","False","pop, latino","Pelo Music S.A.","0.912","0.732","7","-4.798","1","0.0718","0.132","0.00125","0.0537","0.92","125.002","4"
"spotify:track:5TCS4w4AdqNypCnqjoBuvI","Tu Mirada","Miranda Es Imposible!","Miranda!","2009-07-25","203053","33","True","pop, latino","Pelo Music S.A.","0.719","0.471","7","-5.241","1","0.12","0.0773","0.0685","0.0654","0.953","88.983","4"
"spotify:track:5BaWu0bYT7XPaIYyXJOZvJ","Tu Misterioso Alguien","Miranda Es Imposible!","Miranda!","2009-07-25","244800","73","False","pop, latino","Pelo Music S.A.","0.665","0.785","5","-5.584","1","0.025","0.0329","0.000119","0.173","0.676","115.993","4"
"spotify:track:21Zs1DXf062yQsTNhx1Pir","Si Pudiera Volver","Miranda Es Imposible!","Miranda!","2009-07-25","190200","36","False","pop, latino","Pelo Music S.A.","0.813","0.522","2","-7.293","1","0.0398","0.0277","0.000216","0.061","0.822","120.037","4"
"spotify:track:08mxAabIYCxzdXvxyHXlEa","No Lo Digas","Miranda Es Imposible!","Miranda!","2009-07-25","218453","37","False","pop, latino","Pelo Music S.A.","0.599","0.64","4","-5.186","1","0.0313","0.0643","0.000945","0.0783","0.395","125.949","4"
"spotify:track:3QlHA2G89KbpnOlLebsXlm","Entre Mis Brazos","Miranda Es Imposible!","Miranda!","2009-07-25","227520","40","False","pop, latino","Pelo Music S.A.","0.773","0.533","0","-6.296","1","0.0397","0.281","0.000345","0.0976","0.959","157.995","4"
"spotify:track:1W1d4cMewSpBuxDTldKi4B","Hola Probando","Miranda Es Imposible!","Miranda!","2009-07-25","196600","31","False","pop, latino","Pelo Music S.A.","0.739","0.847","0","-4.631","1","0.0297","0.0347","0.00158","0.176","0.964","113.002","4"
"spotify:track:1YxQxV5sKZN1TgVpXl5MLA","Dreamer","Bewitched","Laufey","2023-09-08","210826","71","False","jazz, pop","Laufey","0.613","0.146","2","-11.211","1","0.0394","0.954","0","0.0857","0.413","117.075","4"
"spotify:track:4Y9Ge3i5r0vgFAZq653Yx3","Second Best","Bewitched","Laufey","2023-09-08","204813","70","False","jazz, pop","Laufey","0.419","0.204","10","-14.566","1","0.0343","0.952","1.45E-5","0.0999","0.154","135.141","3"
"spotify:track:1bx9j48IeWnDnPqcTTqT8Q","Haunted","Bewitched","Laufey","2023-09-08","200626","63","False","jazz, pop","Laufey","0.481","0.266","7","-14.83","0","0.0284","0.962","0.0133","0.127","0.0932","109.087","4"
"spotify:track:4kSC1tqpUxYdZTqtA0aztf","Must Be Love","Bewitched","Laufey","2023-09-08","184960","63","False","jazz, pop","Laufey","0.413","0.171","0","-13.432","1","0.0348","0.962","0.000256","0.108","0.224","142.205","4"
"spotify:track:753iehfOnYSmjVfjx20znR","While You Were Sleeping","Bewitched","Laufey","2023-09-08","177493","65","False","jazz, pop","Laufey","0.299","0.333","4","-10.896","1","0.0343","0.931","4.19E-5","0.291","0.395","156.164","3"
"spotify:track:39fD0qvjgk8RarJnoBiDTx","Lovesick","Bewitched","Laufey","2023-09-08","225360","71","False","jazz, pop","Laufey","0.583","0.372","4","-9.58","1","0.0281","0.664","9.51E-6","0.112","0.338","104.973","4"
"spotify:track:5VP1yXviUwA0KA0ewit5pe","California and Me","Bewitched","Laufey;Philharmonia Orchestra","2023-09-08","216306","63","False","jazz, pop","Laufey","0.319","0.285","4","-11.803","1","0.0352","0.975","0.00139","0.103","0.234","76.827","3"
"spotify:track:2dcPutROdT0VLw2ajhBwTc","Nocturne (Interlude)","Bewitched","Laufey","2023-09-08","144066","57","False","jazz, pop","Laufey","0.335","0.125","2","-16.564","1","0.036","0.989","0.947","0.109","0.0355","164.778","4"
"spotify:track:08PdFBcXzpkn1cWNgmKqhn","Promise","Bewitched","Laufey","2023-09-08","234266","83","False","jazz, pop","Laufey","0.263","0.112","5","-16.55","1","0.0344","0.935","8.5E-5","0.0565","0.0903","76.244","4"
"spotify:track:43iIQbw5hx986dUEZbr3eN","From The Start","Bewitched","Laufey","2023-09-08","169573","88","False","jazz, pop","Laufey","0.554","0.339","1","-10.088","1","0.0779","0.886","0.00128","0.11","0.83","80.994","4"
"spotify:track:5oEJyOsT68BDRwLoQQJl6W","Misty","Bewitched","Laufey","2023-09-08","209800","61","False","jazz, pop","Laufey","0.321","0.181","0","-12.758","1","0.0367","0.956","1.6E-5","0.0977","0.115","66.539","3"
"spotify:track:5yIuA6g8P4nwWGMzXfhX4a","Serendipity","Bewitched","Laufey","2023-09-08","219906","62","False","jazz, pop","Laufey","0.388","0.122","5","-14.536","1","0.0407","0.98","0.000223","0.115","0.224","125.218","3"
"spotify:track:59Y1f3y8FuLjadWY9Bx2LC","Letter To My 13 Year Old Self","Bewitched","Laufey","2023-09-08","262680","70","False","jazz, pop","Laufey","0.521","0.141","10","-14.915","1","0.03","0.97","0.000114","0.0992","0.235","92.06","4"
"spotify:track:0pfpeTGQOWlGp6YUUbBD42","Bewitched","Bewitched","Laufey","2023-09-08","246693","69","False","jazz, pop","Laufey","0.283","0.195","1","-12.154","1","0.0331","0.947","8.28E-5","0.111","0.319","138.953","3"
"spotify:track:1j15Ar0qGDzIR0v3CQv3JL","Gnarly","Gnarly","KATSEYE","2025-04-30","137316","87","True","pop","HYBE/Geffen","0.775","0.828","0","-5.191","0","0.373","0.153","0","0.13","0.663","135.021","4"
"spotify:track:7pT6WSg4PCt4mr5ZFyUfsF","If We Have Each Other","Narrated For You","Alec Benjamin","2018-11-16","181522","78","False","indie, pop","2018","0.656","0.577","10","-5.566","0","0.0802","0.698","0","0.296","0.861","173.094","4"
"spotify:track:4IhKLu7Vk3j2TLmnFPl6To","Water Fountain","Narrated For You","Alec Benjamin","2018-11-16","218893","73","False","indie, pop","2018","0.723","0.504","8","-5.572","1","0.0392","0.388","7.4E-5","0.087","0.551","133.975","4"
"spotify:track:0DYRjWiFJHvLjxRrywtltC","Annabelle's Homework","Narrated For You","Alec Benjamin","2018-11-16","192500","53","False","indie, pop","2018","0.676","0.634","8","-5.377","1","0.0385","0.701","1.63E-6","0.223","0.33","86.004","4"
"spotify:track:2qxmye6gAegTMjLKEBoR3d","Let Me Down Slowly","Narrated For You","Alec Benjamin","2018-11-16","169353","84","False","indie, pop","2018","0.652","0.557","1","-5.714","0","0.0318","0.74","0","0.124","0.483","150.073","4"
"spotify:track:1rMSja8j1k8VRXXztemdLb","Swim","Narrated For You","Alec Benjamin","2018-11-16","144386","53","False","indie, pop","2018","0.737","0.562","11","-6.117","0","0.0747","0.289","0.000363","0.306","0.532","160.051","4"
"spotify:track:60cYr5uuMoxvyuIx45rGEW","Boy In The Bubble","Narrated For You","Alec Benjamin","2018-11-16","181705","70","False","indie, pop","2018","0.817","0.578","11","-7.579","0","0.0824","0.224","0.00103","0.251","0.851","143.982","4"
"spotify:track:211LaT5hzPOKolVtgzwWnq","Steve","Narrated For You","Alec Benjamin","2018-11-16","173487","50","False","indie, pop","2018","0.348","0.353","10","-9.012","1","0.0334","0.845","0","0.181","0.866","80.558","3"
"spotify:track:0IrtQ83z9jylZaLEJK2eoy","Gotta Be A Reason","Narrated For You","Alec Benjamin","2018-11-16","210353","57","False","indie, pop","2018","0.771","0.518","4","-7.582","0","0.0404","0.806","2.48E-5","0.104","0.277","79.997","4"
"spotify:track:2W0AJEbIC2vdZTV2nVSAsg","Outrunning Karma","Narrated For You","Alec Benjamin","2018-11-16","188850","66","False","indie, pop","2018","0.416","0.649","11","-5.271","0","0.0385","0.655","2.82E-6","0.12","0.474","112.482","3"
"spotify:track:0WHi11uzahqpEtPGYCW6oQ","If I Killed Someone For You","Narrated For You","Alec Benjamin","2018-11-16","185122","72","False","indie, pop","2018","0.514","0.605","7","-5.363","1","0.0337","0.774","2.91E-6","0.121","0.409","120.894","4"
"spotify:track:3gYK7eEFbp6KzmqYRMyQRm","Death Of A Hero","Narrated For You","Alec Benjamin","2018-11-16","191560","51","False","indie, pop","2018","0.653","0.62","11","-5.797","1","0.28","0.634","5.46E-6","0.512","0.584","179.8","3"
"spotify:track:5Ys68FZdQFcFw7IgkANVoM","1994","Narrated For You","Alec Benjamin","2018-11-16","184121","52","False","indie, pop","2018","0.772","0.613","8","-6.185","1","0.0692","0.281","3.52E-6","0.206","0.862","87.022","4"
"spotify:track:04ndZkbKGthTgYSv3xS7en","Cupido","Cupido","TINI","2023-02-16","174369","70","False","pop, latino","5020 Records","0.913","0.584","9","-5.263","1","0.223","0.521","5.36E-5","0.307","0.627","119.873","4"
"spotify:track:0rnZOspoTCAXfvAudOdRng","Te Pido","Cupido","TINI","2023-02-16","174893","63","False","pop, latino","5020 Records","0.677","0.627","5","-4.097","1","0.0957","0.207","6.82E-6","0.102","0.7","187.933","4"
"spotify:track:4yPmTUkWmUfLPQLCccp0DR","Muñecas","Cupido","TINI;La Joaqui;Steve Aoki","2023-02-16","156318","59","False","pop, latino, reggaetón, electrónica","5020 Records","0.688","0.712","10","-4.791","0","0.0826","0.0288","0","0.313","0.852","89.93","4"
"spotify:track:2HZZfwzwvd6e8FzhSRm6rF","El Último Beso","Cupido","TINI;Tiago PZK","2023-02-16","197647","57","False","pop, latino, rap","5020 Records","0.559","0.654","10","-3.666","1","0.16","0.274","0","0.349","0.764","169.577","4"
"spotify:track:21dCU6wWhGDjrrvgg7g4NM","Carne y Hueso","Cupido","TINI","2023-02-16","178309","60","False","pop, latino","5020 Records","0.45","0.382","7","-8.019","1","0.056","0.719","0","0.296","0.283","68.472","4"
"spotify:track:4mZc6BrwqprAP2kKWvYovS","La Loto","Cupido","TINI;Becky G;Anitta","2023-02-16","190666","55","False","pop, latino, reggaetón","5020 Records","0.855","0.833","1","-2.813","1","0.102","0.0762","1.72E-6","0.0799","0.765","90.01","4"
"spotify:track:4eOGoAtYWRPQZ6mUwwgmuW","Las Jordans","Cupido","TINI","2023-02-16","144799","62","False","pop, latino","5020 Records","0.825","0.769","7","-5.172","1","0.09","0.106","1.37E-5","0.0717","0.853","95.977","4"
"spotify:track:63hQU0ll74dtGBDMcyvdEC","Beso En Las Rocas","Cupido","TINI","2023-02-16","144545","52","False","pop, latino","5020 Records","0.839","0.694","5","-2.68","0","0.188","0.466","0","0.0599","0.83","109.943","4"
"spotify:track:7iJQk4HvwwIZWrEfnuzTPP","7 Veces","Cupido","TINI","2023-02-16","174600","50","False","pop, latino","5020 Records","0.645","0.565","11","-8.624","0","0.108","0.537","0","0.0807","0.691","75.019","4"
"spotify:track:0r2PZjzpfFne09oljJZEU8","Fantasi","Cupido","TINI;Beéle","2023-02-16","158080","65","False","pop, latino, reggaetón","5020 Records","0.831","0.746","10","-3.723","1","0.338","0.2","0","0.11","0.512","126.068","4"
"spotify:track:6ebo7CQn4ILLGvXRmXHhQz","Miénteme","Cupido","TINI;Maria Becerra","2023-02-16","165275","77","False","pop, latino, rap","5020 Records","0.85","0.546","2","-4.534","1","0.0654","0.161","6.13E-6","0.296","0.906","92.002","4"
"spotify:track:1v5vVHgk25NTXz97R7T7uJ","Maldita Foto","Cupido","TINI;Manuel Turizo","2023-02-16","190344","57","False","pop, latino, reggaetón","5020 Records","0.745","0.674","2","-4.201","1","0.139","0.15","0","0.0957","0.921","174.011","4"
"spotify:track:7cfJzUd54EOFRCw08o0KHp","Bar","Cupido","TINI;L-Gante","2023-02-16","160212","57","False","pop, latino, reggaetón, electrónica","5020 Records","0.722","0.656","1","-4.947","1","0.0584","0.14","0","0.321","0.765","94.001","4"
"spotify:track:1rEsfHhBFTuTPekF8M5O3f","La Triple T","Cupido","TINI","2023-02-16","167674","61","False","pop, latino","5020 Records","0.766","0.638","11","-2.737","0","0.0902","0.406","0","0.2","0.681","92.077","4"
"spotify:track:6zrJLhslleCHby0wbUnvVy","Future Nostalgia","Future Nostalgia","Dua Lipa","2020-03-27","184881","58","False","pop","Warner Records","0.875","0.813","7","-4.502","1","0.0579","0.00618","0","0.321","0.859","114.993","4"
"spotify:track:3PfIrDoz19wz7qK7tYeu62","Don't Start Now","Future Nostalgia","Dua Lipa","2020-03-27","183290","84","False","pop","Warner Records","0.793","0.793","11","-4.521","0","0.083","0.0123","0","0.0951","0.679","123.95","4"
"spotify:track:2nMOodYNHBAQ3Kc1QNimZU","Cool","Future Nostalgia","Dua Lipa","2020-03-27","209583","62","False","pop","Warner Records","0.469","0.785","5","-4.015","0","0.0664","0.133","1.55E-6","0.0931","0.79","89.719","4"
"spotify:track:3AzjcOeAmA57TIOr9zF1ZW","Physical","Future Nostalgia","Dua Lipa","2020-03-27","193829","79","False","pop","Warner Records","0.647","0.844","0","-3.756","1","0.0457","0.0137","0.000658","0.102","0.746","146.967","4"
"spotify:track:39LLxExYz6ewLAcYrzQQyP","Levitating","Future Nostalgia","Dua Lipa","2020-03-27","203807","83","False","pop","Warner Records","0.695","0.884","6","-2.278","0","0.0753","0.0561","0","0.213","0.914","103.014","4"
"spotify:track:6DXZiYUbrYgrVIhfX3U9Z2","Pretty Please","Future Nostalgia","Dua Lipa","2020-03-27","194607","69","True","pop","Warner Records","0.906","0.474","1","-6.124","1","0.194","0.0311","5.5E-6","0.286","0.656","106.976","4"
"spotify:track:1nYeVF5vIBxMxfPoL0SIWg","Hallucinate","Future Nostalgia","Dua Lipa","2020-03-27","208505","69","False","pop","Warner Records","0.627","0.69","10","-5.396","0","0.139","0.033","0","0.0742","0.627","122.053","4"
"spotify:track:4rPkN1FMzQyFNP9cLUGIIB","Love Again","Future Nostalgia","Dua Lipa","2020-03-27","258004","79","False","pop","Warner Records","0.659","0.667","11","-4.668","0","0.0339","0.00173","2.85E-5","0.1","0.468","115.982","4"
"spotify:track:017PF4Q3l4DBUiWoXk4OWT","Break My Heart","Future Nostalgia","Dua Lipa","2020-03-27","221820","82","False","pop","Warner Records","0.73","0.729","4","-3.434","0","0.0884","0.167","1.39E-6","0.349","0.467","113.011","4"
"spotify:track:6uAFJ75WDAoAPyCWJAtvks","Good In Bed","Future Nostalgia","Dua Lipa","2020-03-27","218754","59","True","pop","Warner Records","0.68","0.701","5","-5.001","1","0.0917","0.138","0.000191","0.168","0.649","94.06","4"
"spotify:track:0vQcyuMEfRBd21ojZ62N2L","Boys Will Be Boys","Future Nostalgia","Dua Lipa","2020-03-27","166266","56","False","pop","Warner Records","0.768","0.486","3","-5.954","1","0.0353","0.408","0","0.098","0.519","125.021","4"
"spotify:track:6fGSHpEipD1YjtLLChnBzW","Friend","minor","Gracie Abrams","2020-07-14","176946","63","False","pop","Gracie Abrams, under exclusive license to Interscope Records","0.7","0.494","4","-4.908","1","0.0463","0.742","0","0.304","0.229","132.943","4"
"spotify:track:5meVa5klVlJalupZTvv5XX","21","minor","Gracie Abrams","2020-07-14","185172","74","False","pop","Gracie Abrams, under exclusive license to Interscope Records","0.755","0.671","2","-6.331","1","0.0872","0.514","0","0.109","0.409","125.056","4"
"spotify:track:6e5UOAU8hWJq7FKbHGPp2y","Under / Over","minor","Gracie Abrams","2020-07-14","141826","56","False","pop","Gracie Abrams, under exclusive license to Interscope Records","0.776","0.453","11","-8.36","1","0.136","0.77","6.13E-5","0.126","0.562","158","4"
"spotify:track:2kp86yPhiPBTyoTYHB403F","tehe","minor","Gracie Abrams","2020-07-14","162506","52","False","pop","Gracie Abrams, under exclusive license to Interscope Records","0.65","0.558","1","-5.394","1","0.0644","0.79","0.000158","0.104","0.371","78.028","4"
"spotify:track:4nyF5lmSziBAt7ESAUjpbx","I miss you, I’m sorry","minor","Gracie Abrams","2020-07-14","167538","82","False","pop","Gracie Abrams, under exclusive license to Interscope Records","0.445","0.455","7","-6.405","1","0.0575","0.731","1.47E-6","0.124","0.151","109.885","5"
"spotify:track:3wIRxCIGmdxld4ZC6yShZ9","Long Sleeves","minor","Gracie Abrams","2020-07-14","218440","62","False","pop","Gracie Abrams, under exclusive license to Interscope Records","0.45","0.25","10","-9.155","1","0.0353","0.815","5.94E-5","0.108","0.112","114.011","4"
"spotify:track:1G9YZPtxUGfl1yVw7kq4yc","minor","minor","Gracie Abrams","2020-07-14","160506","59","False","pop","Gracie Abrams, under exclusive license to Interscope Records","0.705","0.281","2","-7.991","1","0.0863","0.856","0","0.117","0.211","84.882","4"
"spotify:track:6WKDtdVILJvcfqpvSQgwAQ","Crash","CRASH","Charli xcx","2022-03-18","129986","52","False","pop, electrónica","Atlantic Records","0.688","0.905","7","-3.361","1","0.054","0.378","0","0.411","0.85","112.075","4"
"spotify:track:1K9yH9EpJsH2kXWX4ozH68","New Shapes (feat. Christine and the Queens and Caroline Polachek)","CRASH","Charli xcx;Christine and the Queens;Caroline Polachek","2022-03-18","200687","50","True","pop, electrónica","Atlantic Records","0.735","0.74","0","-4.929","1","0.0552","0.111","0","0.032","0.553","107.061","4"
"spotify:track:2grSOc6HNTXQQXNoRKt9UM","Good Ones","CRASH","Charli xcx","2022-03-18","136614","62","False","pop, electrónica","Atlantic Records","0.764","0.672","7","-5.947","0","0.0293","0.072","3.32E-6","0.0806","0.789","129.049","4"
"spotify:track:0U9ltIN4q3aBKGZDZq5cAW","Constant Repeat","CRASH","Charli xcx","2022-03-18","189373","60","False","pop, electrónica","Atlantic Records","0.832","0.677","0","-6.442","0","0.0414","0.113","0","0.241","0.49","126.015","4"
"spotify:track:11M8c9SHQYpd8DOrmcu25k","Beg for You (feat. Rina Sawayama)","CRASH","Charli xcx;Rina Sawayama","2022-03-18","168053","57","False","pop, electrónica","Atlantic Records","0.788","0.945","9","-5.091","1","0.0599","0.223","2.97E-6","0.115","0.466","128.036","4"
"spotify:track:2A8lxHaI7sJD1oABvXwly1","Move Me","CRASH","Charli xcx","2022-03-18","147293","51","False","pop, electrónica","Atlantic Records","0.748","0.737","7","-5.377","1","0.0449","0.0864","0.000121","0.118","0.0859","139.967","4"
"spotify:track:2lE8pY64icLsx6k0Wr9iVF","Baby","CRASH","Charli xcx","2022-03-18","159920","51","True","pop, electrónica","Atlantic Records","0.779","0.859","5","-1.572","0","0.0364","0.139","0.0472","0.093","0.904","128.04","4"
"spotify:track:4aguR8nLIlmF6WCOlCArhT","Lightning","CRASH","Charli xcx","2022-03-18","237320","53","False","pop, electrónica","Atlantic Records","0.715","0.683","11","-5.042","1","0.0476","0.0265","2.31E-5","0.209","0.471","119.159","4"
"spotify:track:3qT67cZ6ZloAk6jDgG1Zc8","Every Rule","CRASH","Charli xcx","2022-03-18","183120","42","False","pop, electrónica","Atlantic Records","0.714","0.521","7","-7.384","1","0.033","0.519","2.32E-6","0.117","0.336","91.957","4"
"spotify:track:5cYEuFqzITZlZzpoR1sHvu","Yuck","CRASH","Charli xcx","2022-03-18","138800","61","True","pop, electrónica","Atlantic Records","0.765","0.675","1","-5.687","1","0.0402","0.0585","1.51E-6","0.0703","0.886","100.939","4"
"spotify:track:5dry5tz8yLcLuOJ3l6ZEQd","Used to Know Me","CRASH","Charli xcx","2022-03-18","145840","55","False","pop, electrónica","Atlantic Records","0.711","0.931","1","-4.042","1","0.0323","0.0914","4.41E-5","0.0892","0.775","118.009","4"
"spotify:track:3phMvUDFwKvFbKABGrmqMV","Twice","CRASH","Charli xcx","2022-03-18","194600","47","False","pop, electrónica","Atlantic Records","0.779","0.739","2","-4.769","1","0.0391","0.186","0.148","0.109","0.38","99.992","4"
"spotify:track:09QfIIP4NUx4A3thmovb2o","Perfecta","El Templo del Pop","Miranda!","2008-04-01","225413","80","True","pop, latino","Pelo Music S.A.","0.648","0.727","0","-5.45","1","0.0361","0.178","0","0.335","0.839","169.941","4"
"spotify:track:51HFeDr7a2mpaZP12J2vQS","Chicas","El Templo del Pop","Miranda!","2008-04-01","196920","41","True","pop, latino","Pelo Music S.A.","0.768","0.764","11","-7.13","0","0.0333","0.0106","0.00203","0.344","0.947","100.988","4"
"spotify:track:1DBRh9CocZyolKYeBn7AWg","Enamorada","El Templo del Pop","Miranda!","2008-04-01","192626","57","True","pop, latino","Pelo Music S.A.","0.714","0.902","4","-5.473","0","0.0396","0.00599","1.43E-5","0.118","0.961","135.021","4"
"spotify:track:0WajUW5XINeraP2w0F3F8E","Don","El Templo del Pop","Miranda!","2008-04-01","183973","78","True","pop, latino","Pelo Music S.A.","0.824","0.738","6","-5.431","1","0.0867","0.0215","0","0.0495","0.961","119.973","4"
"spotify:track:45dWn7gzWdxNO15dPzWRSV","Yo Te Diré","El Templo del Pop","Miranda!","2008-04-01","206053","65","True","pop, latino","Pelo Music S.A.","0.917","0.98","11","-4.087","0","0.0382","0.00472","0.0142","0.128","0.94","127.017","4"
"spotify:track:6c0RkVllf6V7FPy1EUCclz","Traición","El Templo del Pop","Miranda!","2008-04-01","181533","68","True","pop, latino","Pelo Music S.A.","0.769","0.899","9","-3.914","0","0.0548","0.0383","0.00281","0.0949","0.863","132.006","4"
"spotify:track:75tGNsDOC6mMkIzx8AANNS","Bailarina","El Templo del Pop","Miranda!","2008-04-01","282813","42","True","pop, latino","Pelo Music S.A.","0.692","0.958","7","-5.336","1","0.0524","0.149","0.0078","0.301","0.912","116.986","4"
"spotify:track:4qXdhvf2VrfYZqAaPTnn3m","Prisionero","El Templo del Pop","Miranda!","2008-04-01","207613","63","True","pop, latino","Pelo Music S.A.","0.646","0.886","7","-4.277","1","0.0678","0.121","0","0.187","0.674","125.02","4"
"spotify:track:5RYfFPKTR2TkAgckapjwT8","Imán","El Templo del Pop","Miranda!","2008-04-01","258573","47","True","pop, latino","Pelo Music S.A.","0.455","0.483","4","-7.495","0","0.0644","0.0992","0","0.182","0.373","120.018","3"
"spotify:track:44VMlxF11vunGKjgAT4YYq","Hola","El Templo del Pop","Miranda!","2008-04-01","185213","53","True","pop, latino","Pelo Music S.A.","0.902","0.785","7","-6.472","1","0.0372","0.135","0.0349","0.0337","0.962","121.03","4"
"spotify:track:0ZzwAoc9yfYbLuQMizMNi7","El Profe","El Templo del Pop","Miranda!","2008-04-01","176040","59","True","pop, latino","Pelo Music S.A.","0.805","0.809","6","-3.991","1","0.263","0.0562","0.000278","0.0384","0.972","170.976","4"
"spotify:track:7mDw0flasCw8KCSIOOhrwj","Romix","El Templo del Pop","Miranda!","2008-04-01","235613","42","True","pop, latino","Pelo Music S.A.","0.453","0.798","5","-6.265","1","0.0509","0.0112","0","0.347","0.441","129.982","4"
"spotify:track:6i2y1GBw5R77x4tk4tmOgn","Otra Vez (Vivo)","El Templo del Pop","Miranda!","2008-04-01","183066","33","True","pop, latino","Pelo Music S.A.","0.81","0.96","9","-4.083","1","0.0314","0.00861","0","0.256","0.827","126.999","4"
"spotify:track:6QmVN8umQKcHmf2XTuwOzw","Mi Propia Vida","El Templo del Pop","Miranda!","2008-04-01","225440","33","True","pop, latino","Pelo Music S.A.","0.63","0.851","9","-6.712","1","0.047","0.156","5.55E-6","0.254","0.618","105.038","4"
"spotify:track:72NUkiJYv1OieX6NXEoaFF","Uno los Dos","El Templo del Pop","Miranda!","2008-04-01","222826","52","True","pop, latino","Pelo Music S.A.","0.773","0.419","11","-7.688","1","0.0479","0.503","5.07E-6","0.171","0.187","123.928","3"
"spotify:track:7CIY89KeZPfZkcL75okQcA","Tu Juego","El Templo del Pop","Miranda!","2008-04-01","241466","42","True","pop, latino","Pelo Music S.A.","0.792","0.801","0","-5.219","1","0.042","0.0309","3.51E-5","0.0459","0.934","122.979","4"
"spotify:track:3aCNYMVB9pFeZCtWxQH0na","Vete de Aquí","El Templo del Pop","Miranda!","2008-04-01","190880","38","True","pop, latino","Pelo Music S.A.","0.729","0.797","5","-5.206","1","0.0331","0.0718","5.64E-5","0.083","0.693","124.028","4"
"spotify:track:73bRi8dWtCf4d3FyEUiV7T","Navidad","El Templo del Pop","Miranda!","2008-04-01","189680","35","True","pop, latino","Pelo Music S.A.","0.725","0.539","10","-6.471","1","0.0313","0.44","0.000204","0.108","0.933","123.049","4"
"spotify:track:1HDE4wfPZJbAxICTWuJWPO","Quereme… Tengo Frío","El Templo del Pop","Miranda!","2008-04-01","211080","34","True","pop, latino","Pelo Music S.A.","0.718","0.638","11","-7.971","0","0.061","0.184","0.00186","0.0662","0.333","137.48","4"
"spotify:track:6jvhUbBBxeSSZdIEe3Cgab","Miranda Mix (Oíd Mortales Mix)","El Templo del Pop","Miranda!","2008-04-01","653200","32","True","pop, latino","Pelo Music S.A.","0.488","0.933","0","-3.895","1","0.0792","0.104","0","0.104","0.718","126.995","4"
"spotify:track:4VrWlk8IQxevMvERoX08iC","Chandelier","1000 Forms Of Fear","Sia","2014-07-04","216120","84","False","pop","Monkey Puzzle Records/RCA Records","0.399","0.787","1","-2.88","1","0.0499","0.0197","6.07E-5","0.0685","0.572","117.089","5"
"spotify:track:75xgoXAGed7jiNDdV8TNOe","Big Girls Cry","1000 Forms Of Fear","Sia","2014-07-04","210613","60","False","pop","Monkey Puzzle Records/RCA Records","0.469","0.592","5","-4.962","1","0.0399","0.0393","0","0.105","0.0938","161.996","4"
"spotify:track:65wEaW5gwitTZt8JA7iugo","Burn the Pages","1000 Forms Of Fear","Sia","2014-07-04","195146","42","False","pop","Monkey Puzzle Records/RCA Records","0.507","0.811","6","-4.645","1","0.155","0.0497","3.32E-5","0.121","0.459","180.081","4"
"spotify:track:2ejeiQQcxOONtMDgV2GXSu","Eye of the Needle","1000 Forms Of Fear","Sia","2014-07-04","248746","52","False","pop","Monkey Puzzle Records/RCA Records","0.495","0.7","4","-5.639","1","0.144","0.141","0","0.102","0.279","144.426","4"
"spotify:track:42PnVxGUSKziKSKXCNXoob","Hostage","1000 Forms Of Fear","Sia","2014-07-04","176000","40","False","pop","Monkey Puzzle Records/RCA Records","0.639","0.711","1","-3.289","1","0.136","0.00762","0","0.24","0.659","143.899","4"
"spotify:track:6AAl7AECcCH7mVGNqHGmaI","Straight for the Knife","1000 Forms Of Fear","Sia","2014-07-04","211213","40","False","pop","Monkey Puzzle Records/RCA Records","0.444","0.497","8","-5.683","1","0.0357","0.189","0","0.117","0.151","124.382","4"
"spotify:track:3N1bQ9rnwVXIKClKx6vcpG","Fair Game","1000 Forms Of Fear","Sia","2014-07-04","231520","38","False","pop","Monkey Puzzle Records/RCA Records","0.519","0.408","4","-5.561","0","0.0314","0.612","0","0.0985","0.27","131.516","4"
"spotify:track:6kwAbEjseqBob48jCus7Sz","Elastic Heart","1000 Forms Of Fear","Sia","2014-07-04","257200","81","False","pop","Monkey Puzzle Records/RCA Records","0.421","0.791","9","-4.998","1","0.0496","0.0117","1.48E-5","0.146","0.499","130.075","4"
"spotify:track:5J8MPzzufgbhutBl8gEr6r","Free the Animal","1000 Forms Of Fear","Sia","2014-07-04","264866","41","False","pop","Monkey Puzzle Records/RCA Records","0.674","0.877","5","-4.945","1","0.167","0.0559","0.000112","0.0836","0.383","109.038","4"
"spotify:track:3Rw6shHCDFRWv3g2WmEFKv","Fire Meet Gasoline","1000 Forms Of Fear","Sia","2014-07-04","241493","61","False","pop","Monkey Puzzle Records/RCA Records","0.418","0.764","5","-3.307","0","0.0559","0.00598","0","0.149","0.33","175.669","3"
"spotify:track:6hWG9YfOhxlZyIf4EnbA97","Cellophane","1000 Forms Of Fear","Sia","2014-07-04","265586","38","False","pop","Monkey Puzzle Records/RCA Records","0.42","0.42","6","-9.579","1","0.0873","0.765","0","0.112","0.339","110.07","4"
"spotify:track:1ruNslbgoiZk8e1vP0lY6j","Dressed In Black","1000 Forms Of Fear","Sia","2014-07-04","400253","47","False","pop","Monkey Puzzle Records/RCA Records","0.448","0.769","0","-4.107","0","0.0403","0.0281","3.03E-6","0.303","0.319","86.982","4"
"spotify:track:17mWqjqxQBMWkcnQ1tYm9r","Vos No","Nafta","NAFTA","2019-10-18","220752","49","False","rock, latino","NAFTA","0.794","0.33","10","-10.245","0","0.0686","0.377","0.0813","0.0772","0.329","86.939","4"
"spotify:track:0H351Cn5b1uS4E4Cg1Jxb5","La Carta","Nafta","NAFTA","2019-10-18","253161","53","False","rock, latino","NAFTA","0.797","0.337","5","-10.079","1","0.0696","0.535","0","0.114","0.664","130.016","3"
"spotify:track:1DIBkKqsREnKgxpZ5RJjRf","Potra","Nafta","NAFTA","2019-10-18","257898","55","False","rock, latino","NAFTA","0.481","0.649","0","-9.431","1","0.0483","0.131","0.0598","0.129","0.496","88.302","4"
"spotify:track:3tuWDUfQGq1QPbkQO9kvNg","Menos Mal","Nafta","NAFTA","2019-10-18","240175","50","False","rock, latino","NAFTA","0.713","0.375","9","-10.678","0","0.032","0.578","0.0614","0.0889","0.457","90.976","4"
"spotify:track:6YWE7WrOmrGbuYaw3DxzGf","Unos Días Más","Nafta","NAFTA","2019-10-18","171985","48","False","rock, latino","NAFTA","0.855","0.262","1","-9.549","1","0.258","0.362","0.000241","0.123","0.576","91.057","4"
"spotify:track:7vBm2Ezg5Ah07EA4CJV6Dh","El Enrosque","Nafta","NAFTA","2019-10-18","309898","45","False","rock, latino","NAFTA","0.707","0.337","4","-11.105","1","0.0301","0.542","0.00327","0.0927","0.446","86.987","1"
"spotify:track:51MECwVsdNqa7wSGfETfE2","Ya Es Tarde","Nafta","NAFTA","2019-10-18","200460","41","False","rock, latino","NAFTA","0.656","0.57","1","-10.969","1","0.0403","0.18","0.047","0.216","0.341","141.981","4"
"spotify:track:0VzFVd0dZs6y0cr6KbAz13","Sin un Peso","Nafta","NAFTA","2019-10-18","222022","36","False","rock, latino","NAFTA","0.715","0.565","2","-7.884","1","0.0375","0.117","0.00368","0.167","0.778","91.964","4"
"spotify:track:7eQD3S7wUp1DSxGbxrE53v","Matenme","Nafta","NAFTA","2019-10-18","252408","34","False","rock, latino","NAFTA","0.66","0.549","2","-11.891","1","0.0507","0.0897","0.0297","0.237","0.0925","128.93","4"
"spotify:track:4fDUAfzsQKszt09InZKRE4","Veni Mirá","Nafta","NAFTA","2019-10-18","304943","54","False","rock, latino","NAFTA","0.685","0.271","1","-11.207","1","0.0376","0.404","0.0109","0.303","0.397","111.988","4"
"spotify:track:2sI9zZrJjrUWJX1Nmzd6U6","La Espera","Nafta","NAFTA","2019-10-18","240380","39","False","rock, latino","NAFTA","0.555","0.319","7","-11.042","0","0.0985","0.144","0.000504","0.13","0.359","88.966","4"
"spotify:track:7a2uudz0EbA9lbYO4TCeOn","Y el Mundo Sigue Andando","Nafta","NAFTA","2019-10-18","127764","32","False","rock, latino","NAFTA","0.691","0.0583","10","-22.838","0","0.0503","0.871","0.881","0.0827","0.197","115.008","4"
"spotify:track:2qLyo5FeWquE7HBUbcVnEy","emails i can’t send","emails i can't send","Sabrina Carpenter","2022-07-15","104408","70","True","pop","Island Records","0.515","0.387","7","-10.614","1","0.192","0.757","0","0.622","0.408","86.313","3"
"spotify:track:6Alp15t6urC4opjJiyOqZu","Vicious","emails i can't send","Sabrina Carpenter","2022-07-15","149890","64","True","pop","Island Records","0.721","0.457","0","-6.916","1","0.159","0.308","0","0.258","0.63","129.98","4"
"spotify:track:4Wos0h9ECU2Z3oJMTQxpbc","Read your Mind","emails i can't send","Sabrina Carpenter","2022-07-15","207849","74","False","pop","Island Records","0.672","0.803","3","-5.061","0","0.049","0.0111","0","0.0782","0.578","120.058","4"
"spotify:track:5kcuHw8WtxauIWI5crMcLM","Tornado Warnings","emails i can't send","Sabrina Carpenter","2022-07-15","204179","68","True","pop","Island Records","0.7","0.571","3","-7.713","1","0.0591","0.171","0","0.0938","0.579","115.036","4"
"spotify:track:32FhTAAjKZaBein150o3Px","because i liked a boy","emails i can't send","Sabrina Carpenter","2022-07-15","196458","80","True","pop","Island Records","0.386","0.592","11","-7.299","1","0.374","0.363","0","0.117","0.161","146.879","4"
"spotify:track:5QhJorJmjqYfETfqgBtGg3","Already Over","emails i can't send","Sabrina Carpenter","2022-07-15","170827","65","False","pop","Island Records","0.546","0.788","4","-7.109","1","0.543","0.434","0","0.121","0.468","113.582","4"
"spotify:track:4yC3v03vIGfmV6Rag568mV","how many things","emails i can't send","Sabrina Carpenter","2022-07-15","243880","59","True","pop","Island Records","0.518","0.227","11","-9.457","1","0.0354","0.902","0","0.367","0.571","81.174","4"
"spotify:track:1RAeuvRyRzCweAK3jUT0ZW","bet u wanna","emails i can't send","Sabrina Carpenter","2022-07-15","191025","64","False","pop","Island Records","0.589","0.632","11","-6.818","0","0.16","0.0121","0","0.403","0.46","102.311","4"
"spotify:track:6dgUya35uo964z7GZXM07g","Nonsense","emails i can't send","Sabrina Carpenter","2022-07-15","163648","85","False","pop","Island Records","0.74","0.697","8","-4.912","1","0.034","0.0268","0","0.224","0.732","138.992","4"
"spotify:track:6n05BgVkxxz2k5ICZYa2PH","Fast Times","emails i can't send","Sabrina Carpenter","2022-07-15","174539","68","True","pop","Island Records","0.721","0.666","1","-4.699","0","0.0408","0.0687","0","0.045","0.739","132.465","4"
"spotify:track:1ZvbLYAXwvMfaPtN65QF2D","skinny dipping","emails i can't send","Sabrina Carpenter","2022-07-15","177750","60","False","pop","Island Records","0.452","0.536","4","-8.864","1","0.14","0.261","0","0.14","0.426","122.375","5"
"spotify:track:38bbpkFcxgjupISR0K94UU","Bad for Business","emails i can't send","Sabrina Carpenter","2022-07-15","188337","62","False","pop","Island Records","0.601","0.538","7","-8.705","1","0.0406","0.364","0","0.131","0.593","107.973","4"
"spotify:track:17wMOhLqVB3DRCmTaLjwVM","decode","emails i can't send","Sabrina Carpenter","2022-07-15","188167","64","False","pop","Island Records","0.591","0.368","4","-9.235","1","0.0414","0.687","0","0.0847","0.423","122.161","4"
"spotify:track:351dqwRVsCDniedG9soXSf","Un Beso en Madrid","TINI TINI TINI","TINI;Alejandro Sanz","2020-12-03","144351","63","False","pop, latino","5020 Records","0.378","0.619","0","-6.794","1","0.0767","0.305","0","0.413","0.349","87.387","4"
"spotify:track:1wNThvd9AUiHcKrEvnDd6o","Fresa","TINI TINI TINI","TINI;Lalo Ebratt","2020-12-03","165612","61","False","pop, latino","5020 Records","0.781","0.866","5","-3.493","0","0.0867","0.216","0","0.101","0.864","95.993","4"
"spotify:track:3SMjO2A0AnLO9BrWNAZ5SK","Si Tú Supieras","TINI TINI TINI","TINI","2020-12-03","151778","48","False","pop, latino","5020 Records","0.665","0.66","11","-6.82","1","0.23","0.15","4.16E-6","0.0625","0.578","130.9","4"
"spotify:track:5yJGPkrEjwi0qv3M9h22b2","Tuyo","TINI TINI TINI","TINI","2020-12-03","113827","46","False","pop, latino","5020 Records","0.868","0.669","1","-5.108","1","0.404","0.594","0.000132","0.0965","0.688","81.992","4"
"spotify:track:3mCsFR4vkkg6az76rXMZu6","Te Olvidaré","TINI TINI TINI","TINI","2020-12-03","194836","54","False","pop, latino","5020 Records","0.382","0.331","0","-9.096","1","0.0347","0.782","2.23E-6","0.302","0.277","112.821","5"
"spotify:track:0EZW890vYJsTiWW2rknAAU","Acércate","TINI TINI TINI","TINI","2020-12-03","142477","60","False","pop, latino","5020 Records","0.766","0.41","7","-6.302","1","0.0545","0.371","0","0.216","0.921","93.875","4"
"spotify:track:5iny7576bQLjbgHyefw9EM","Playa","TINI TINI TINI","TINI","2020-12-03","147270","48","False","pop, latino","5020 Records","0.798","0.74","0","-4.165","1","0.119","0.212","0","0.0794","0.733","79.992","4"
"spotify:track:4foIsT0s9Ime0OPxTpl6N6","Ella Dice","TINI TINI TINI","TINI;KHEA","2020-12-03","161060","56","False","pop, latino, rap","5020 Records","0.838","0.751","5","-2.864","0","0.0812","0.221","2.23E-6","0.133","0.706","91.982","4"
"spotify:track:5elv0DQyIeFVgMnxQ43lRf","Duele (feat. John C)","TINI TINI TINI","TINI;John C","2020-12-03","138012","50","False","pop, latino, rap, reggaetón, electrónica","5020 Records","0.825","0.837","10","-5.087","0","0.128","0.193","2.79E-6","0.125","0.836","138.155","4"
"spotify:track:5cgXYVjt3tEaM8l3wZiSiV","Recuerdo","TINI TINI TINI","TINI;Mau y Ricky","2020-12-03","200960","53","False","pop, latino, reggaetón","5020 Records","0.797","0.639","1","-4.317","1","0.387","0.114","0","0.0589","0.677","175.94","4"
"spotify:track:6Jsfaw9b0hopNZ1SVHEXmW","Oye","TINI TINI TINI","TINI;Sebastian Yatra","2020-12-03","173021","65","False","pop, latino, reggaetón","5020 Records","0.683","0.511","7","-7.894","0","0.0641","0.448","0","0.175","0.256","95.087","4"
"spotify:track:0JrpH1QLYRJWuGkKeGm4ho","Diciembre","TINI TINI TINI","TINI","2020-12-03","188676","52","False","pop, latino","5020 Records","0.619","0.584","2","-7.242","1","0.0494","0.0768","0","0.33","0.148","118.176","5"
"spotify:track:1pXzi7SfPKaNVhpOU8Lill","Suéltate el Pelo","TINI TINI TINI","TINI","2020-12-03","127302","59","False","pop, latino","5020 Records","0.781","0.804","11","-4.407","1","0.173","0.11","0","0.275","0.722","176.104","4"
"spotify:track:0AsWM30PAtdxvAph5aYXAW","22","TINI TINI TINI","TINI;Greeicy","2020-12-03","159187","63","False","pop, latino","5020 Records","0.703","0.643","1","-4.705","0","0.09","0.00807","0","0.0895","0.814","176.038","4"
"spotify:track:3AmJtRGSWQnAxZw21MisM2","Sudor y Trabajo","Desde el Fin del Mundo","Duki","2021-04-22","180513","52","True","rap, latino","SSJ Records / DALE PLAY Records","0.66","0.857","5","-5.302","1","0.0636","0.511","0","0.232","0.675","145.899","4"
"spotify:track:0B8yu7yLe1UsXv6gewHRv2","Pintao","Desde el Fin del Mundo","Duki;YSY A;Rei","2021-04-22","167340","65","False","rap, latino, reggaetón, electrónica","SSJ Records / DALE PLAY Records","0.735","0.797","2","-5.328","1","0.0638","0.143","0","0.0823","0.471","105.765","3"
"spotify:track:1XadOBWghF0LhMuXI4GJ6M","Chico Estrella","Desde el Fin del Mundo","Duki","2021-04-22","170309","56","False","rap, latino","SSJ Records / DALE PLAY Records","0.718","0.725","9","-4.279","0","0.0522","0.118","0","0.17","0.57","139.988","4"
"spotify:track:12jSmESshrWPt8a09aDRiI","Volando Bajito","Desde el Fin del Mundo","Duki","2021-04-22","134666","56","True","rap, latino","SSJ Records / DALE PLAY Records","0.724","0.603","0","-8.348","1","0.129","0.118","0","0.156","0.572","104.947","3"
"spotify:track:1wpEE0aGB9p8uNHRtmpqMc","Cuanto","Desde el Fin del Mundo","Duki;Lucho SSJ;FARIANA","2021-04-22","190910","48","True","rap, latino, reggaetón","SSJ Records / DALE PLAY Records","0.571","0.631","11","-6.35","0","0.452","0.202","0","0.215","0.179","113.619","4"
"spotify:track:0BgOFYvlrmnNO5lXA3Km9T","Rapido","Desde el Fin del Mundo","Duki","2021-04-22","135614","48","False","rap, latino","SSJ Records / DALE PLAY Records","0.602","0.704","7","-7.044","1","0.0448","0.132","3.85E-6","0.0823","0.577","150.059","4"
"spotify:track:14OsvO7eecMfOIdRClquk9","I Don't Know","Desde el Fin del Mundo","Duki","2021-04-22","218288","56","False","rap, latino","SSJ Records / DALE PLAY Records","0.672","0.71","6","-5.401","1","0.0354","0.0168","0","0.0923","0.296","99.753","4"
"spotify:track:41tkGjGDeoInSqQTFTPluG","Sol","Desde el Fin del Mundo","Duki;Lara91k","2021-04-22","244783","52","True","rap, latino","SSJ Records / DALE PLAY Records","0.635","0.512","10","-7.49","0","0.0306","0.228","1.06E-5","0.183","0.232","81.95","4"
"spotify:track:4eea4bKE9G2rl8FQ3oH7dw","Luna","Desde el Fin del Mundo","Duki;Asan","2021-04-22","200445","50","False","rap, latino","SSJ Records / DALE PLAY Records","0.655","0.866","2","-6.204","1","0.0691","0.16","0.00028","0.555","0.747","150.984","4"
"spotify:track:6KEb17S00Inf0v1qYDgUAj","Malbec","Desde el Fin del Mundo","Duki;Bizarrap","2021-04-22","175890","66","True","rap, latino","SSJ Records / DALE PLAY Records","0.705","0.692","9","-6.476","0","0.0357","0.574","0","0.13","0.444","122.991","4"
"spotify:track:550z5AYBsRxrOxHL934ZZS","Mi Diablo","Desde el Fin del Mundo","Duki","2021-04-22","192173","49","True","rap, latino","SSJ Records / DALE PLAY Records","0.72","0.67","1","-6.447","0","0.0838","0.351","0","0.0613","0.448","131.863","4"
"spotify:track:5B84PuLYzNjHvfy5EpgsfW","Fifty Fifty","Desde el Fin del Mundo","Duki;Pablo Chill-E;Obie Wanshot;Neo Pistea;Julianno Sosa;Young Cister","2021-04-22","280135","48","True","rap, latino, reggaetón","SSJ Records / DALE PLAY Records","0.812","0.687","5","-4.292","1","0.0597","0.0291","1.54E-5","0.681","0.629","139.016","4"
"spotify:track:27uT2ouF88miD988lpgkm5","Valentino","Desde el Fin del Mundo","Duki;Tobi","2021-04-22","156939","45","True","rap, latino","SSJ Records / DALE PLAY Records","0.456","0.753","9","-7.181","1","0.194","0.3","1.6E-5","0.286","0.3","138.096","4"
"spotify:track:7pKe9aetI14JCwKBZAEe6a","Cascada","Desde el Fin del Mundo","Duki","2021-04-22","192678","52","True","rap, latino","SSJ Records / DALE PLAY Records","0.77","0.603","5","-7.054","0","0.143","0.393","0","0.49","0.729","120.101","4"
"spotify:track:6JAtYFDUmBpKkr6nlsLUNI","Ticket","Desde el Fin del Mundo","Duki","2021-04-22","188889","54","True","rap, latino","SSJ Records / DALE PLAY Records","0.545","0.752","9","-6.508","1","0.0456","0.291","0","0.117","0.548","89.596","4"
"spotify:track:07cpSOrJeK2TNrbLXq3hCG","Muriendome","Desde el Fin del Mundo","Duki;KHEA","2021-04-22","159918","56","False","rap, latino","SSJ Records / DALE PLAY Records","0.655","0.822","3","-3.058","0","0.0314","0.206","0","0.131","0.54","142","4"
"spotify:track:6gAhoYC40nPWRXfc5Gq04H","Ella Es Mi Bitch","Desde el Fin del Mundo","Duki;Pekeño 77;Mesita;Franux BB;44 Kid","2021-04-22","246849","50","True","rap, latino, reggaetón, electrónica","SSJ Records / DALE PLAY Records","0.897","0.701","8","-4.917","1","0.127","0.272","0.000198","0.085","0.789","115.029","4"
"spotify:track:7vUZ4l9XWZLlYdkaRw5kXh","Muero de Fiesta Este Finde","Desde el Fin del Mundo","Duki;CA7RIEL","2021-04-22","193400","45","False","rap, latino","SSJ Records / DALE PLAY Records","0.588","0.815","4","-2.907","0","0.0464","0.23","0","0.267","0.24","142.037","4"
"spotify:track:1H2aLiua3VEig2qY0eU3s1","Sin Filtro","Intimo","Nicky Jam","2019-11-01","196506","33","False","reggaetón, latino","Sony Music Latin","0.818","0.648","7","-4.954","1","0.12","0.0545","1.32E-6","0.0967","0.496","89.043","4"
"spotify:track:5YpwO3cCgxcUgNbJnWuEfM","Tequila","Intimo","Nicky Jam","2019-11-01","173186","33","False","reggaetón, latino","Sony Music Latin","0.693","0.658","6","-5.416","1","0.125","0.329","0","0.114","0.679","169.799","4"
"spotify:track:2pWOMNQJW3g2zmGjP0Vkb0","Whine Up","Intimo","Nicky Jam;Anuel AA","2019-11-01","215459","63","False","reggaetón, latino, rap","Sony Music Latin","0.817","0.665","9","-6.224","0","0.0758","0.0549","0","0.103","0.662","104.957","4"
"spotify:track:1NuV7MPW6vlAsMlr10mumb","Maniquí","Intimo","Nicky Jam","2019-11-01","175293","31","False","reggaetón, latino","Sony Music Latin","0.753","0.636","1","-3.563","0","0.105","0.0966","0","0.321","0.893","171.805","4"
"spotify:track:24UXULlkYRgpgHjHfWqPO4","Perdóname","Intimo","Nicky Jam;Darell","2019-11-01","177400","31","False","reggaetón, latino, rap","Sony Music Latin","0.874","0.817","0","-5.745","1","0.0966","0.0767","0","0.0438","0.968","90.018","4"
"spotify:track:5qpXuQa1RcE4t14YDWWfGp","Novia Nueva","Intimo","Nicky Jam","2019-11-01","179533","33","False","reggaetón, latino","Sony Music Latin","0.729","0.653","8","-5","1","0.0611","0.245","0","0.0962","0.826","174.012","4"
"spotify:track:4thYedllWlJQOnrplPxwfA","Quisieras","Intimo","Nicky Jam;Rauw Alejandro","2019-11-01","185693","39","False","reggaetón, latino, rap","Sony Music Latin","0.881","0.725","10","-5.152","1","0.0464","0.222","0","0.0596","0.712","97.019","4"
"spotify:track:3tW1kXsFBAqBaPAZ73YUna","Destino","Intimo","Nicky Jam","2019-11-01","201106","36","False","reggaetón, latino","Sony Music Latin","0.832","0.633","0","-5.484","1","0.0673","0.294","0","0.0839","0.603","93.955","4"
"spotify:track:4HVMGcAkoArlmbdda5h1Gi","Come y Te Vas","Intimo","Nicky Jam","2019-11-01","165493","30","False","reggaetón, latino","Sony Music Latin","0.699","0.69","7","-3.666","1","0.247","0.0841","0","0.134","0.828","83.852","4"
"spotify:track:3OEQnJuFR0idVAcwTIkWCH","Borracho","Intimo","Nicky Jam","2019-11-01","207413","31","False","reggaetón, latino","Sony Music Latin","0.663","0.445","0","-6.945","1","0.0428","0.16","0","0.093","0.423","98.469","4"
"spotify:track:7FlUOV2d2Mu5sEn5gVbnZR","La Toco","Intimo","Nicky Jam","2019-11-01","136186","28","False","reggaetón, latino","Sony Music Latin","0.808","0.681","9","-4.389","1","0.29","0.595","0","0.153","0.469","92.041","4"
"spotify:track:26Qhn2T88XqVinXQpmSarj","Atrévete","Intimo","Nicky Jam;Sech","2019-11-01","198320","56","False","reggaetón, latino","Sony Music Latin","0.552","0.675","11","-3.824","1","0.297","0.311","0","0.119","0.586","183.785","4"
"spotify:track:4PJ3umtW1aWdfh5EITHc6T","Te Robaré","Intimo","Nicky Jam;Ozuna","2019-11-01","201818","69","False","reggaetón, latino, rap","Sony Music Latin","0.673","0.752","2","-3.572","0","0.0561","0.241","4.51E-5","0.0813","0.797","175.997","4"
"spotify:track:5YUyW9opqNsMSEzzecZih1","X","Intimo","Nicky Jam;J Balvin","2019-11-01","172854","78","False","reggaetón, latino","Sony Music Latin","0.594","0.749","9","-5.298","0","0.056","0.0338","0.00106","0.3","0.694","179.968","4"
"spotify:track:0NJjYoxIw73eZjKZga8jvV","La Promesa (La Calle)","Intimo","Nicky Jam","2019-11-01","173106","32","False","reggaetón, latino","Sony Music Latin","0.844","0.735","10","-4.67","0","0.198","0.251","0","0.118","0.596","107.007","4"
"spotify:track:3nRmDz7qGCvsMS30rGGY0x","Welcome To New York","1989 (Deluxe)","Taylor Swift","2014-01-01","212600","52","False","pop","Taylor Swift","0.789","0.634","7","-4.762","1","0.0323","0.0348","1.64E-6","0.302","0.658","116.992","4"
"spotify:track:1u8c2t2Cy7UBoG4ArRcF5g","Blank Space","1989 (Deluxe)","Taylor Swift","2014-01-01","231826","86","False","pop","Taylor Swift","0.76","0.703","5","-5.412","1","0.054","0.103","0","0.0913","0.57","95.997","4"
"spotify:track:0ug5NqcwcFR2xrfTkc7k8e","Style","1989 (Deluxe)","Taylor Swift","2014-01-01","231000","86","False","pop","Taylor Swift","0.588","0.791","7","-5.595","1","0.0402","0.00245","0.00258","0.118","0.487","94.933","4"
"spotify:track:0qUnBLZ8bJqUNEeQgayL9t","Out Of The Woods","1989 (Deluxe)","Taylor Swift","2014-01-01","235800","64","False","pop","Taylor Swift","0.553","0.841","7","-6.937","1","0.0396","0.000743","1.19E-5","0.341","0.338","92.008","4"
"spotify:track:6aLOekfwbytwWvQftxTEF0","All You Had To Do Was Stay","1989 (Deluxe)","Taylor Swift","2014-01-01","193293","52","False","pop","Taylor Swift","0.605","0.725","5","-5.729","1","0.0323","0.00201","2.02E-5","0.101","0.539","96.97","4"
"spotify:track:0cqRj7pUJDkTCEsJkx8snD","Shake It Off","1989 (Deluxe)","Taylor Swift","2014-01-01","219200","84","False","pop","Taylor Swift","0.647","0.8","7","-5.384","1","0.165","0.0647","0","0.334","0.942","160.078","4"
"spotify:track:5gRYrtvyVyaCRvLt56OfuV","I Wish You Would","1989 (Deluxe)","Taylor Swift","2014-01-01","207440","55","False","pop","Taylor Swift","0.653","0.893","0","-5.966","1","0.0538","0.0158","4.95E-5","0.102","0.513","118.035","4"
"spotify:track:2NlmmAjGYrrjAp0MED5rGx","Bad Blood","1989 (Deluxe)","Taylor Swift","2014-01-01","211933","54","False","pop","Taylor Swift","0.646","0.794","7","-6.104","1","0.19","0.0885","6.16E-6","0.201","0.287","170.216","4"
"spotify:track:4A4A6dwl5DqdqrZaEtKGPR","Wildest Dreams","1989 (Deluxe)","Taylor Swift","2014-01-01","220440","56","False","pop","Taylor Swift","0.55","0.688","8","-7.416","1","0.0897","0.0692","0.00144","0.106","0.465","139.997","4"
"spotify:track:0fM9dEhUFV4MHDuJgrcfOv","How You Get The Girl","1989 (Deluxe)","Taylor Swift","2014-01-01","247533","60","False","pop","Taylor Swift","0.765","0.656","5","-6.112","1","0.0504","0.00364","0.00868","0.0918","0.545","119.997","4"
"spotify:track:4L560fic5PaTuCFm6CviKa","This Love","1989 (Deluxe)","Taylor Swift","2014-01-01","250093","54","False","pop","Taylor Swift","0.481","0.435","4","-8.795","1","0.0321","0.678","0","0.0928","0.107","143.95","4"
"spotify:track:6EwNJz8CuVsrsLvXprJ20Q","I Know Places","1989 (Deluxe)","Taylor Swift","2014-01-01","195706","53","False","pop","Taylor Swift","0.602","0.755","0","-4.991","1","0.071","0.245","0","0.178","0.495","159.965","4"
"spotify:track:1NmVZsG18CzCAtw7rnV3yA","Clean","1989 (Deluxe)","Taylor Swift","2014-01-01","271000","58","False","pop","Taylor Swift","0.815","0.377","4","-7.754","1","0.0346","0.232","0","0.1","0.211","103.97","4"
"spotify:track:6RvRzl1YJTDnUvdOtV21IK","Wonderland","1989 (Deluxe)","Taylor Swift","2014-01-01","245560","57","False","pop","Taylor Swift","0.422","0.692","3","-5.447","1","0.0549","0.0493","2.57E-5","0.177","0.197","184.014","4"
"spotify:track:2KrOAg6FftbjgSKdd2a4rS","You Are In Love","1989 (Deluxe)","Taylor Swift","2014-01-01","267106","57","False","pop","Taylor Swift","0.474","0.48","2","-8.894","1","0.0622","0.707","0.000108","0.0903","0.319","170.109","4"
"spotify:track:0qAIiGFKLdV1xpNlEhjpq8","New Romantics","1989 (Deluxe)","Taylor Swift","2014-01-01","230466","65","False","pop","Taylor Swift","0.633","0.889","5","-5.87","1","0.0715","0.00463","0.000458","0.0658","0.584","121.956","4"
"spotify:track:4FoV729rw7IhoKlMZW5K5V","I Know Places - Voice Memo","1989 (Deluxe)","Taylor Swift","2014-01-01","216333","1","False","pop","Taylor Swift","0.592","0.128","9","-17.932","0","0.589","0.829","0","0.527","0.15","78.828","4"
"spotify:track:4eTXfpHxhxVofrBUjAhPMg","I Wish You Would - Voice Memo","1989 (Deluxe)","Taylor Swift","2014-01-01","107133","1","False","pop","Taylor Swift","0.781","0.357","0","-16.394","1","0.912","0.717","0","0.185","0.645","118.317","4"
"spotify:track:4e6QU4gpfZj9xxcK856RgG","Blank Space - Voice Memo","1989 (Deluxe)","Taylor Swift","2014-01-01","131186","0","False","pop","Taylor Swift","0.675","0.234","5","-15.064","0","0.721","0.801","0","0.657","0.578","127.296","4"
"spotify:track:5RPdXtlqeRK4Qtgkix042H","Fantasmas","Safari","Miranda!","2014-05-05","214621","58","False","pop, latino","Pelo Music S.A.","0.691","0.843","2","-4.409","1","0.0389","0.038","0.0062","0.0557","0.485","126.001","4"
"spotify:track:5UUIqKFpTq2Ri3YvFcof5c","Extraño","Safari","Miranda!","2014-05-05","236903","62","False","pop, latino","Pelo Music S.A.","0.608","0.86","4","-4.262","0","0.0279","0.000492","0.0195","0.284","0.62","116.006","4"
"spotify:track:2afuFl8lOdgOwE8ac28IVD","Es por Él","Safari","Miranda!","2014-05-05","176179","34","False","pop, latino","Pelo Music S.A.","0.71","0.99","3","-4.257","1","0.0472","0.0395","0.00183","0.0899","0.674","136.999","4"
"spotify:track:6a4DlD5yDFjZwQw6eGPxS0","Sólo Lo Sabe la Luna","Safari","Miranda!","2014-05-05","210670","34","False","pop, latino","Pelo Music S.A.","0.596","0.87","4","-5.102","0","0.0335","0.18","0.02","0.247","0.883","180.038","4"
"spotify:track:35FCukIUqbacEiJ1MeNGrC","Miro la Vida Pasar","Safari","Miranda!;Fangoria","2014-05-05","213915","38","False","pop, latino","Pelo Music S.A.","0.626","0.958","9","-5.036","1","0.061","0.0134","5.78E-6","0.111","0.544","129.932","4"
"spotify:track:5p78JoW7jO9Xrweopphiw0","Sé Mía","Safari","Miranda!","2014-05-05","186630","37","False","pop, latino","Pelo Music S.A.","0.508","0.68","5","-5.181","1","0.0274","0.00112","0.0225","0.134","0.679","168.04","4"
"spotify:track:7x816ayVLSUVMoNiuxElL8","Buen Día","Safari","Miranda!","2014-05-05","171253","38","False","pop, latino","Pelo Music S.A.","0.533","0.811","10","-4.175","1","0.0478","0.000761","0.000296","0.168","0.793","155.989","4"
"spotify:track:6WGLSkAI0uSFuUC5A1cUrW","Nadie Como Tú","Safari","Miranda!","2014-05-05","205794","52","False","pop, latino","Pelo Music S.A.","0.805","0.944","9","-3.752","1","0.0266","0.0908","0.00282","0.0881","0.967","104.013","4"
"spotify:track:4h5umSNtc2WJl1ls5B4BcB","Fotos","Safari","Miranda!","2014-05-05","209883","33","False","pop, latino","Pelo Music S.A.","0.727","0.882","0","-4.448","1","0.0613","0.0109","0.00428","0.066","0.835","90.502","4"
"spotify:track:3QIWJxTS16T9ioSJdvdZho","Para Olvidar Tu Amor","Safari","Miranda!","2014-05-05","203376","37","False","pop, latino","Pelo Music S.A.","0.557","0.846","11","-4.74","1","0.0303","0.00458","0.061","0.093","0.554","148.03","4"
"spotify:track:2RRuHDopsh9tvmIHibPATr","Fantasmas - Versión Acústica","Safari","Miranda!","2014-05-05","222624","29","False","pop, latino","Pelo Music S.A.","0.785","0.548","2","-5.809","1","0.0354","0.695","0","0.0848","0.632","122.985","4"
"spotify:track:6az5WAcx20hzYkvSDOkj7n","Extraño - Versión Acústica","Safari","Miranda!","2014-05-05","232672","44","False","pop, latino","Pelo Music S.A.","0.731","0.567","7","-6.862","1","0.0376","0.779","2.51E-6","0.0726","0.818","118.001","4"
"spotify:track:6eHL4ZpHE8fVq5d8yCuv7E","Es por Él - Versión Acústica","Safari","Miranda!","2014-05-05","173482","24","False","pop, latino","Pelo Music S.A.","0.825","0.484","3","-7.769","1","0.0458","0.707","0.000511","0.097","0.457","136.939","4"
"spotify:track:1CZQ7ohxOHY99G5UEOI3r2","Sólo Lo Sabe la Luna - Versión Acústica","Safari","Miranda!","2014-05-05","204896","25","False","pop, latino","Pelo Music S.A.","0.514","0.569","4","-7.179","0","0.049","0.679","0","0.15","0.94","179.952","4"
"spotify:track:59hWvFEZOSTDI1v17kQ1H4","Miro la Vida Pasar - Versión Acústica","Safari","Miranda!","2014-05-05","212053","23","False","pop, latino","Pelo Music S.A.","0.343","0.403","9","-6.481","1","0.031","0.782","0","0.104","0.335","87.288","3"
"spotify:track:2qI3DA3n0j51DQp4pAnDYb","Sé Mía - Versión Acústica","Safari","Miranda!","2014-05-05","188288","26","False","pop, latino","Pelo Music S.A.","0.784","0.47","5","-5.859","1","0.0486","0.437","0","0.121","0.922","167.963","4"
"spotify:track:79NZjjVeINi2ZgilN7OYJw","Buen Día - Versión Acústica","Safari","Miranda!","2014-05-05","133695","22","False","pop, latino","Pelo Music S.A.","0.595","0.598","10","-6.421","1","0.0313","0.623","0","0.094","0.658","155.95","4"
"spotify:track:675FbNtPQ9PP0EduuIXnpZ","Nadie Como Tú - Versión Acústica","Safari","Miranda!","2014-05-05","185498","25","False","pop, latino","Pelo Music S.A.","0.916","0.313","9","-7.626","1","0.0393","0.537","0","0.0822","0.412","103.91","4"
"spotify:track:4gHpX4D2u8KB75quSxmTOk","Fotos - Versión Acústica","Safari","Miranda!","2014-05-05","154032","23","False","pop, latino","Pelo Music S.A.","0.728","0.54","5","-5.51","1","0.036","0.767","0","0.0947","0.766","90.554","4"
"spotify:track:2V5ONZtefNGjyUX4wm7ZFa","Para Olvidar Tu Amor - Versión Acústica","Safari","Miranda!","2014-05-05","175369","22","False","pop, latino","Pelo Music S.A.","0.763","0.404","3","-8.83","0","0.0446","0.697","7.68E-6","0.119","0.49","148.079","4"
"spotify:track:2rKkfc4VZ74FQDc1FF1Zo6","Body to Body","ARIRANG","BTS","2026-03-20","189725","94","False","pop","BIGHIT MUSIC","0.674","0.788","6","-3.367","0","0.0442","0.113","2.16E-6","0.168","0.495","120.016","4"
"spotify:track:20dAJsyno9ZoBLJtqgQnUI","Hooligan","ARIRANG","BTS","2026-03-20","182046","94","False","pop","BIGHIT MUSIC","0.666","0.494","1","-5.265","0","0.101","0.144","0","0.13","0.442","135.147","4"
"spotify:track:5tg21NdePCn5m8F9BXOEeJ","Aliens","ARIRANG","BTS","2026-03-20","167751","92","False","pop","BIGHIT MUSIC","0.707","0.739","11","-3.075","1","0.0575","0.0984","0","0.843","0.503","98.015","4"
"spotify:track:0KmrKOdScRDVYwWS8hkkdv","FYA","ARIRANG","BTS","2026-03-20","180543","93","False","pop","BIGHIT MUSIC","0.705","0.817","11","-4.908","0","0.212","0.00127","0","0.11","0.457","128.955","4"
"spotify:track:3bmpXHVie1GTy37OkXJ7Vc","2","ARIRANG","BTS","2026-03-20","169929","94","False","pop","BIGHIT MUSIC","0.929","0.542","0","-4.395","1","0.0522","0.018","6.92E-6","0.175","0.27","130.026","4"
"spotify:track:3plyGpDgzfrnZbpElpfioV","No. 29","ARIRANG","BTS","2026-03-20","98453","89","False","pop","BIGHIT MUSIC","","","","","","","","","","","",""
"spotify:track:68lbSrXDORS51pmyjZv712","SWIM","ARIRANG","BTS","2026-03-20","159007","98","False","pop","BIGHIT MUSIC","0.531","0.706","6","-5.487","0","0.0638","0.153","0","0.117","0.157","93.811","4"
"spotify:track:3VegC0PZiHjGxb80DER8XU","Merry Go Round","ARIRANG","BTS","2026-03-20","229855","91","False","pop","BIGHIT MUSIC","0.601","0.634","8","-6.461","1","0.0431","0.34","2.68E-5","0.106","0.258","84.015","4"
"spotify:track:4B4Q7zfd0aHcuhQBfCRnH5","NORMAL","ARIRANG","BTS","2026-03-20","181649","93","True","pop","BIGHIT MUSIC","0.464","0.774","1","-4.225","0","0.081","0.206","0","0.193","0.651","73.071","4"
"spotify:track:2IFND3phjzIG1RcPnHh2hP","Like Animals","ARIRANG","BTS","2026-03-20","189746","92","False","pop","BIGHIT MUSIC","0.454","0.851","3","-3.429","1","0.0459","0.0596","0","0.11","0.328","78.944","4"
"spotify:track:0b61A7v9agI08BG21jJPQ9","they don’t know ’bout us","ARIRANG","BTS","2026-03-20","164241","93","False","pop","BIGHIT MUSIC","0.744","0.653","9","-4.525","0","0.0727","0.28","0","0.0986","0.635","137.978","4"
"spotify:track:6s3w7SUVtmm68Bw5KrKMh0","One More Night","ARIRANG","BTS","2026-03-20","167589","91","False","pop","BIGHIT MUSIC","0.655","0.802","6","-5.649","1","0.0742","0.202","0","0.0961","0.641","116.964","4"
"spotify:track:1XpVhaI4HzWrhRWIpdfyJB","Please","ARIRANG","BTS","2026-03-20","172796","91","False","pop","BIGHIT MUSIC","0.644","0.644","5","-5.944","1","0.0349","0.0686","0","0.165","0.39","84.974","4"
"spotify:track:1ZNolq7VI7efGlh2hb2VVr","Into the Sun","ARIRANG","BTS","2026-03-20","227660","91","False","pop","BIGHIT MUSIC","0.702","0.587","5","-4.453","1","0.0402","0.101","0","0.119","0.338","99.05","4"
"spotify:track:0fQbLONJQqFSePMz1I4UNT","Cabildo y Juramento","Cabildo y Juramento","Conociendo Rusia","2019-10-04","203826","57","False","indie, latino, rock","Geiser Discos","0.714","0.52","7","-5.625","0","0.0367","0.264","2.64E-6","0.344","0.541","129.911","4"
"spotify:track:7jcXQXxo0lvpwg2twqJpqc","Quiero Que Me Llames","Cabildo y Juramento","Conociendo Rusia","2019-10-04","258106","60","False","indie, latino, rock","Geiser Discos","0.665","0.839","1","-4.383","1","0.0375","0.254","2.75E-6","0.249","0.636","123.982","4"
"spotify:track:5gzeDHcCSxKU4KcBcDWJTc","Puede Ser","Cabildo y Juramento","Conociendo Rusia","2019-10-04","230960","59","False","indie, latino, rock","Geiser Discos","0.694","0.595","9","-7.658","1","0.0331","0.138","2.7E-6","0.0896","0.315","106.949","4"
"spotify:track:0wgCxklMqVJawo83Xhk6ww","En Todos los Lugares","Cabildo y Juramento","Conociendo Rusia","2019-10-04","243093","49","False","indie, latino, rock","Geiser Discos","0.781","0.558","10","-7.561","1","0.0346","0.284","8.64E-5","0.0683","0.727","115.014","4"
"spotify:track:4bLEdN7hL33Qv4fCz5VLMG","Cosas para Decirte","Cabildo y Juramento","Conociendo Rusia","2019-10-04","340920","46","False","indie, latino, rock","Geiser Discos","0.587","0.362","7","-7.636","1","0.0276","0.199","1.09E-5","0.0819","0.248","145.961","4"
"spotify:track:2O7w0qgKXSLBg0mKV0XfOt","30 Años","Cabildo y Juramento","Conociendo Rusia","2019-10-04","195986","43","False","indie, latino, rock","Geiser Discos","0.697","0.818","4","-4.91","0","0.0382","0.321","0","0.227","0.828","126.972","4"
"spotify:track:29WjfUKhMuEVdO8iCRw2eE","Otra Oportunidad","Cabildo y Juramento","Conociendo Rusia","2019-10-04","243040","53","False","indie, latino, rock","Geiser Discos","0.703","0.676","9","-5.839","0","0.0276","0.133","1.22E-6","0.169","0.779","108.967","4"
"spotify:track:36a3ktHwMG5xvGpsyt1I0c","Luces de Neón","Cabildo y Juramento","Conociendo Rusia","2019-10-04","230053","50","False","indie, latino, rock","Geiser Discos","0.69","0.519","4","-7.241","1","0.0246","0.314","2.08E-5","0.0878","0.523","90.978","4"
"spotify:track:522MbOYOtRZTyRQNfJrE5h","Montaña Infinita","Cabildo y Juramento","Conociendo Rusia","2019-10-04","230866","41","False","indie, latino, rock","Geiser Discos","0.616","0.395","2","-6.017","1","0.0301","0.289","5.6E-6","0.166","0.398","120.758","3"
"spotify:track:5S6O5UYDS2dxVTY7JSF9xy","Road to Hell","Hadestown (Original Broadway Cast Recording)","André De Shields;Hadestown Original Broadway Company;Anaïs Mitchell","2019-07-26","317879","60","False","musicales","Sing It Again Records","0.507","0.651","8","-4.937","1","0.194","0.676","1.55E-5","0.0642","0.7","98.995","4"
"spotify:track:0HZq47ubBTbuUUPGSueUOh","Any Way the Wind Blows","Hadestown (Original Broadway Cast Recording)","Eva Noblezada;Jewelle Blackman;Yvette Gonzalez-Nacer;Kay Trinidad;Anaïs Mitchell;Hadestown Original Broadway Company","2019-07-26","225805","61","False","musicales","Sing It Again Records","0.437","0.274","5","-9.041","1","0.0622","0.888","0","0.178","0.274","89.045","3"
"spotify:track:15r85VRFlKo2w8a5ymikr7","Come Home with Me","Hadestown (Original Broadway Cast Recording)","Reeve Carney;Eva Noblezada;André De Shields;Afra Hines;Timothy Hughes;Anaïs Mitchell;Ahmad Simmons;John Krause;Kimberly Marable;Hadestown Original Broadway Company","2019-07-26","107649","59","False","musicales","Sing It Again Records","0.499","0.314","9","-10.737","1","0.139","0.811","0","0.103","0.392","183.961","4"
"spotify:track:1yy0XglPOI5E8NKbtGH3OO","Wedding Song","Hadestown (Original Broadway Cast Recording)","Reeve Carney;Eva Noblezada;Afra Hines;Timothy Hughes;John Krause;Kimberly Marable;Anaïs Mitchell;Ahmad Simmons;Hadestown Original Broadway Company","2019-07-26","213198","61","False","musicales","Sing It Again Records","0.603","0.57","7","-6.242","1","0.035","0.427","0.000674","0.106","0.192","92.315","4"
"spotify:track:0XmLRP1GkjjRrdIx0G75Dj","Epic I","Hadestown (Original Broadway Cast Recording)","Reeve Carney;André De Shields;Anaïs Mitchell;Hadestown Original Broadway Company","2019-07-26","192891","57","False","musicales","Sing It Again Records","0.617","0.18","5","-11.518","1","0.193","0.926","0","0.1","0.405","127.117","3"
"spotify:track:2IZiwBnwtrc0Fd8VIwAPeG","Livin' it Up on Top","Hadestown (Original Broadway Cast Recording)","Amber Gray;André De Shields;Reeve Carney;Hadestown Original Broadway Company;Anaïs Mitchell","2019-07-26","329696","58","False","musicales","Sing It Again Records","0.536","0.662","0","-5.574","1","0.226","0.477","5.19E-5","0.0504","0.504","105.491","4"
"spotify:track:0irU6Rwf7WBfLIZ8i1DGur","All I've Ever Known (""In spite of herself..."") [Intro]","Hadestown (Original Broadway Cast Recording)","André De Shields;Hadestown Original Broadway Company;Anaïs Mitchell","2019-07-26","40925","55","False","musicales","Sing It Again Records","0.754","0.106","10","-19.676","0","0.0443","0.921","0.00101","0.111","0.59","119.784","4"
"spotify:track:0DBF9dFpekB4AMCYiR2SSY","All I've Ever Known","Hadestown (Original Broadway Cast Recording)","Eva Noblezada;Reeve Carney;Anaïs Mitchell;Hadestown Original Broadway Company","2019-07-26","243331","60","False","musicales","Sing It Again Records","0.647","0.276","1","-10.793","1","0.0324","0.887","5.55E-5","0.118","0.212","119.897","4"
"spotify:track:5fnl0Tyeh4r5gPANdaVu61","Way Down Hadestown","Hadestown (Original Broadway Cast Recording)","Hadestown Original Broadway Company;Anaïs Mitchell","2019-07-26","300246","59","False","musicales","Sing It Again Records","0.655","0.622","10","-5.413","0","0.187","0.657","1.86E-5","0.0637","0.547","93.088","4"
"spotify:track:4UjHCwSYfl0uWOyPktTv4u","A Gathering Storm","Hadestown (Original Broadway Cast Recording)","André De Shields;Reeve Carney;Eva Noblezada;Jewelle Blackman;Yvette Gonzalez-Nacer;Anaïs Mitchell;Kay Trinidad;Hadestown Original Broadway Company","2019-07-26","93201","55","False","musicales","Sing It Again Records","0.326","0.299","2","-10.527","0","0.0343","0.845","1.16E-5","0.0797","0.174","110.146","3"
"spotify:track:0CqUTgTtbPMntR7LE8xdoa","Epic II","Hadestown (Original Broadway Cast Recording)","Reeve Carney;Hadestown Original Broadway Company;Anaïs Mitchell","2019-07-26","146366","56","False","musicales","Sing It Again Records","0.499","0.416","5","-6.829","1","0.0558","0.812","3.26E-6","0.601","0.355","134.686","3"
"spotify:track:78Ii0NNdsL7wSQbYE50kAk","Chant","Hadestown (Original Broadway Cast Recording)","Hadestown Original Broadway Company;Anaïs Mitchell","2019-07-26","391011","60","False","musicales","Sing It Again Records","0.566","0.561","8","-6.662","0","0.0527","0.728","0","0.134","0.501","93.992","4"
"spotify:track:3sinFkDuVOd2oJ8XKCyKuf","Hey, Little Songbird","Hadestown (Original Broadway Cast Recording)","Patrick Page;Eva Noblezada;Anaïs Mitchell;Hadestown Original Broadway Company","2019-07-26","212617","57","False","musicales","Sing It Again Records","0.481","0.286","0","-12.853","0","0.0664","0.38","0.000152","0.234","0.247","127.299","3"
"spotify:track:2L9kJVudxeW91NpF9pVAbG","When the Chips are Down (""Songbird vs. rattlesnake..."") [Intro]","Hadestown (Original Broadway Cast Recording)","André De Shields;Hadestown Original Broadway Company;Anaïs Mitchell","2019-07-26","20264","10","False","musicales","Sing It Again Records","0.64","0.406","10","-14.417","0","0.653","0.904","0","0.0967","0.473","95.473","4"
"spotify:track:3csi3SryPTup0NhtRKidsm","When the Chips are Down","Hadestown (Original Broadway Cast Recording)","Jewelle Blackman;Yvette Gonzalez-Nacer;Kay Trinidad;Eva Noblezada;Anaïs Mitchell;Hadestown Original Broadway Company","2019-07-26","134250","59","False","musicales","Sing It Again Records","0.801","0.762","5","-6.136","0","0.0644","0.596","0.00036","0.0505","0.809","96.053","4"
"spotify:track:65axyQvg2r4AjZHzV5xfhC","Gone, I'm Gone","Hadestown (Original Broadway Cast Recording)","Eva Noblezada;Jewelle Blackman;Yvette Gonzalez-Nacer;Kay Trinidad;Anaïs Mitchell;Hadestown Original Broadway Company","2019-07-26","101170","55","False","musicales","Sing It Again Records","0.43","0.184","0","-10.264","1","0.0459","0.827","0","0.303","0.287","139.109","3"
"spotify:track:6FNYKnVrG1u0IaMvVcUcMU","Wait for Me (""Hey, the big artiste..."") [Intro]","Hadestown (Original Broadway Cast Recording)","André De Shields;Reeve Carney;Anaïs Mitchell;Hadestown Original Broadway Company","2019-07-26","91425","55","False","musicales","Sing It Again Records","0.693","0.336","9","-12.299","0","0.109","0.619","0","0.489","0.178","89.089","4"
"spotify:track:1dARoUpgYHvx33Qp8dawsZ","Wait for Me","Hadestown (Original Broadway Cast Recording)","André De Shields;Reeve Carney;Jewelle Blackman;Yvette Gonzalez-Nacer;Kay Trinidad;Kimberly Marable;Timothy Hughes;Hadestown Original Broadway Company;Malcolm Armwood;Jessie Shelton;John Krause;Ahmad Simmons;Khaila Wilcoxon;Anaïs Mitchell;T. Oliver Reid;Afra Hines","2019-07-26","214961","67","False","musicales","Sing It Again Records","0.568","0.487","2","-6.722","1","0.0468","0.443","0.000588","0.107","0.117","89.028","4"
"spotify:track:68oU2YXg4kwPpertTUFrC6","Why We Build the Wall","Hadestown (Original Broadway Cast Recording)","Patrick Page;Hadestown Original Broadway Company;Anaïs Mitchell","2019-07-26","240193","57","False","musicales","Sing It Again Records","0.563","0.457","5","-7.19","1","0.0353","0.586","0.000229","0.201","0.323","80.318","4"
"spotify:track:7A4IlN2Itx3gBOl6q2yW7q","Why We Build the Wall (""Behind closed doors..."") [Outro]","Hadestown (Original Broadway Cast Recording)","André De Shields;Hadestown Original Broadway Company;Anaïs Mitchell","2019-07-26","57212","53","False","musicales","Sing It Again Records","0.407","0.288","2","-11.714","0","0.046","0.817","5.53E-6","0.0677","0.356","85.255","3"
"spotify:track:1OQ6Jk2d4bv622LStoYapx","Our Lady of the Underground","Hadestown (Original Broadway Cast Recording)","Amber Gray;Anaïs Mitchell;Hadestown Original Broadway Company","2019-07-26","324030","55","False","musicales","Sing It Again Records","0.532","0.582","11","-6.738","0","0.153","0.392","0.000164","0.0831","0.402","131.021","4"
"spotify:track:1FomWvYH5RqagHVHYj9OfC","Way Down Hadestown (Reprise)","Hadestown (Original Broadway Cast Recording)","André De Shields;Jewelle Blackman;Yvette Gonzalez-Nacer;Kay Trinidad;Eva Noblezada;Kimberly Marable;Timothy Hughes;Hadestown Original Broadway Company;Malcolm Armwood;Jessie Shelton;John Krause;Ahmad Simmons;Khaila Wilcoxon;Anaïs Mitchell;T. Oliver Reid;Afra Hines","2019-07-26","230324","55","False","musicales","Sing It Again Records","0.565","0.456","0","-7.272","0","0.179","0.85","0","0.132","0.346","120.433","3"
"spotify:track:48PFfbnf0ZRcGCxO4zApPp","Flowers","Hadestown (Original Broadway Cast Recording)","Eva Noblezada;Anaïs Mitchell;Hadestown Original Broadway Company","2019-07-26","211038","56","False","musicales","Sing It Again Records","0.49","0.138","4","-13.18","1","0.0344","0.829","0.000237","0.12","0.15","85.921","4"
"spotify:track:7pa1vDDj9rhlw2ABngvF6D","Come Home with Me (Reprise)","Hadestown (Original Broadway Cast Recording)","Reeve Carney;Eva Noblezada;Anaïs Mitchell;Hadestown Original Broadway Company","2019-07-26","61038","53","False","musicales","Sing It Again Records","0.586","0.197","0","-10.742","1","0.0452","0.878","3.33E-5","0.15","0.407","129.112","4"
"spotify:track:1oVH404oz30kMDH3HgUooq","Papers (""You're not from around here, son..."") [Intro]","Hadestown (Original Broadway Cast Recording)","Patrick Page;Amber Gray;André De Shields;Eva Noblezada;Reeve Carney;Hadestown Original Broadway Company;Anaïs Mitchell","2019-07-26","113817","53","False","musicales","Sing It Again Records","0.583","0.604","11","-8.25","0","0.523","0.311","1.32E-6","0.0293","0.443","171.516","3"
"spotify:track:14OjlLWKs63z4UI7OapYm8","Papers - Instrumental","Hadestown (Original Broadway Cast Recording)","Hadestown Original Broadway Band;Hadestown Original Broadway Company;Anaïs Mitchell","2019-07-26","73105","51","False","musicales","Sing It Again Records","0.42","0.736","0","-7.701","0","0.0405","0.0258","0.638","0.494","0.721","87.262","3"
"spotify:track:4MITx2mU5AihHNUVDPKEpE","Nothing Changes","Hadestown (Original Broadway Cast Recording)","Jewelle Blackman;Yvette Gonzalez-Nacer;Kay Trinidad;Anaïs Mitchell;Hadestown Original Broadway Company","2019-07-26","71774","53","False","musicales","Sing It Again Records","0.558","0.129","5","-11.498","0","0.224","0.952","0","0.204","0.193","127.469","3"
"spotify:track:2IApCw6CLK9S59VeCfzs6Y","If it's True","Hadestown (Original Broadway Cast Recording)","Reeve Carney;André De Shields;Afra Hines;Timothy Hughes;John Krause;Anaïs Mitchell;Ahmad Simmons;Kimberly Marable;Hadestown Original Broadway Company","2019-07-26","253382","57","False","musicales","Sing It Again Records","0.589","0.569","10","-6.9","0","0.0462","0.614","0","0.0896","0.247","115.518","4"
"spotify:track:3nOSvfxdOeIAaUYO0KMYox","How Long?","Hadestown (Original Broadway Cast Recording)","Amber Gray;Patrick Page;Hadestown Original Broadway Company;Anaïs Mitchell","2019-07-26","221158","54","False","musicales","Sing It Again Records","0.391","0.374","2","-11.914","0","0.0763","0.754","0.000209","0.157","0.28","94.887","4"
"spotify:track:4OxpwmdDfxSv2pVrCI4Rt8","Chant (Reprise)","Hadestown (Original Broadway Cast Recording)","Hadestown Original Broadway Company;Anaïs Mitchell","2019-07-26","241118","56","False","musicales","Sing It Again Records","0.666","0.601","9","-6.822","1","0.137","0.746","0","0.141","0.515","93.76","4"
"spotify:track:0EWMHYcf5t9Gk7MWhgReEr","Epic III","Hadestown (Original Broadway Cast Recording)","Reeve Carney;Hadestown Original Broadway Company;Anaïs Mitchell","2019-07-26","351439","57","False","musicales","Sing It Again Records","0.356","0.231","5","-9.967","1","0.0707","0.829","0","0.134","0.244","174.807","4"
"spotify:track:2hqT2TJCKmvexNRZngk3SD","Epic III (""They danced..."") - Instrumental","Hadestown (Original Broadway Cast Recording)","Hadestown Original Broadway Band;Anaïs Mitchell","2019-07-26","99564","54","False","musicales","Sing It Again Records","0.354","0.329","5","-10.449","1","0.0317","0.71","0.103","0.117","0.254","94.346","4"
"spotify:track:2bwpVCOZAlZRYMWAOISXkv","Promises","Hadestown (Original Broadway Cast Recording)","Eva Noblezada;Reeve Carney;Anaïs Mitchell;Hadestown Original Broadway Company","2019-07-26","163969","54","False","musicales","Sing It Again Records","0.618","0.297","9","-9.377","1","0.0381","0.751","1.82E-5","0.098","0.245","123.776","4"
"spotify:track:4P0KFyujfbjBmU4eb2Ev51","Word to the Wise","Hadestown (Original Broadway Cast Recording)","Jewelle Blackman;Yvette Gonzalez-Nacer;Kay Trinidad;Anaïs Mitchell;Hadestown Original Broadway Company","2019-07-26","80278","53","False","musicales","Sing It Again Records","0.593","0.346","0","-8.214","0","0.148","0.93","0","0.203","0.525","86.943","4"
"spotify:track:5COXzddFkxwPdVOcMe84fX","His Kiss, the Riot","Hadestown (Original Broadway Cast Recording)","Patrick Page;Hadestown Original Broadway Company;Anaïs Mitchell","2019-07-26","183794","51","False","musicales","Sing It Again Records","0.217","0.506","10","-10.434","1","0.114","0.553","0.00517","0.0878","0.229","78.476","4"
"spotify:track:2naokPR0Inhpw9JgW4w956","Wait for Me (""If you wanna walk out of hell..."") - Intro; Reprise","Hadestown (Original Broadway Cast Recording)","André De Shields;Reeve Carney;Eva Noblezada;Afra Hines;Timothy Hughes;Anaïs Mitchell;Ahmad Simmons;John Krause;Kimberly Marable;Hadestown Original Broadway Company","2019-07-26","96526","53","False","musicales","Sing It Again Records","0.717","0.323","6","-14.467","0","0.078","0.676","1.22E-5","0.234","0.333","91.951","4"
"spotify:track:3fJJ28RcXGkgKlgbgBSbc8","Wait for Me (Reprise)","Hadestown (Original Broadway Cast Recording)","André De Shields;Hadestown Original Broadway Company;Anaïs Mitchell","2019-07-26","192281","61","False","musicales","Sing It Again Records","0.705","0.501","0","-6.352","1","0.0933","0.576","3.62E-6","0.636","0.203","92.08","4"
"spotify:track:1vmanLxFqqfhUs0oBGydmo","Doubt Comes In","Hadestown (Original Broadway Cast Recording)","Reeve Carney;Eva Noblezada;Jewelle Blackman;Yvette Gonzalez-Nacer;Kay Trinidad;Timothy Hughes;Kimberly Marable;John Krause;Ahmad Simmons;Afra Hines;Hadestown Original Broadway Company;Anaïs Mitchell","2019-07-26","291958","55","False","musicales","Sing It Again Records","0.376","0.34","7","-8.998","0","0.0321","0.687","0.000778","0.214","0.0649","83.785","4"
"spotify:track:2GMLTm3qlHmKkHnQA3wuRn","Road to Hell (Reprise)","Hadestown (Original Broadway Cast Recording)","André De Shields;Hadestown Original Broadway Company;Anaïs Mitchell","2019-07-26","305490","52","False","musicales","Sing It Again Records","0.48","0.182","10","-10.4","1","0.0695","0.778","2.09E-5","0.108","0.23","106.382","4"
"spotify:track:7hDMTdph3j6w7XQJ7DgJLj","We Raise Our Cups","Hadestown (Original Broadway Cast Recording)","Amber Gray;Eva Noblezada;Hadestown Original Broadway Company;Anaïs Mitchell","2019-07-26","125008","51","False","musicales","Sing It Again Records","0.602","0.136","1","-11.055","0","0.0379","0.9","0","0.103","0.127","125.522","3"
"spotify:track:5yWNAdKufvCQ33CAWqt6Mh","A Salvo","NAFTA II","NAFTA","2023-07-28","304000","55","False","latino, rock","NAFTA 2023","0.779","0.403","0","-10.76","1","0.0339","0.276","0.104","0.11","0.496","107.018","4"
"spotify:track:2RUSmUeGBm5DSld1NVWVlG","Hasta Que Te Vas","NAFTA II","NAFTA","2023-07-28","179641","54","False","latino, rock","NAFTA 2023","0.785","0.528","7","-8.341","1","0.0475","0.298","0.00261","0.251","0.621","88.021","4"
"spotify:track:4c58twuNTtI4VBzH28I3EV","Andate","NAFTA II","NAFTA","2023-07-28","178454","61","False","latino, rock","NAFTA 2023","0.814","0.511","6","-8.421","0","0.0417","0.623","0.00441","0.11","0.622","123.949","4"
"spotify:track:7CqAwQW5OcOWgP6lVftST7","Un Milagro","NAFTA II","NAFTA","2023-07-28","184851","47","False","latino, rock","NAFTA 2023","0.699","0.449","2","-11.905","1","0.0336","0.538","0.00847","0.155","0.344","109.024","4"
"spotify:track:3BUOQHWgnm8l5KDkzujs26","Monumento","NAFTA II","NAFTA","2023-07-28","175333","53","False","latino, rock","NAFTA 2023","0.711","0.449","10","-8.876","0","0.0306","0.426","0.0598","0.0678","0.618","86.987","4"
"spotify:track:1wpKkHklRmdcbxJg3qupxK","A Mi Lado","NAFTA II","NAFTA","2023-07-28","254163","43","False","latino, rock","NAFTA 2023","0.631","0.406","6","-10.86","0","0.0377","0.8","0.0151","0.383","0.531","78.961","4"
"spotify:track:3QsmZtbdKo05hK6VVAjUXd","Duele","NAFTA II","NAFTA","2023-07-28","207000","56","False","latino, rock","NAFTA 2023","0.685","0.467","10","-9.088","1","0.0455","0.558","0.00153","0.0997","0.68","144.79","4"
"spotify:track:1RrDhFnk8MJcHUY27Lo7Zo","La Vida Que Soñé","NAFTA II","NAFTA","2023-07-28","175306","43","False","latino, rock","NAFTA 2023","0.715","0.486","7","-8.325","1","0.0552","0.256","0.0146","0.0899","0.341","81.887","4"
"spotify:track:3Y8lURIFnB5CxtzjK0W3tP","El Tren","NAFTA II","NAFTA","2023-07-28","133342","40","False","latino, rock","NAFTA 2023","0.917","0.466","7","-8.867","0","0.0532","0.063","0.752","0.0865","0.762","95.825","4"
"spotify:track:6ttYXJAIwZlgxk3ASLDMmQ","Quiero Verte","NAFTA II","NAFTA","2023-07-28","226329","58","False","latino, rock","NAFTA 2023","0.716","0.819","5","-7.019","1","0.0452","0.06","0.000599","0.138","0.918","112.073","4"
"spotify:track:01evVOI4ZTG5mX5fcGgVFo","Mejor","NAFTA II","NAFTA","2023-07-28","76708","35","False","latino, rock","NAFTA 2023","0.434","0.667","1","-9.509","1","0.0371","0.0235","0.759","0.447","0.581","97.194","4"
"spotify:track:4LJThQhTe9rkfveYOcfELv","Perderte","NAFTA II","NAFTA","2023-07-28","227635","42","False","latino, rock","NAFTA 2023","0.745","0.467","5","-11.519","1","0.0937","0.911","0.81","0.0898","0.577","73.891","4"
"spotify:track:61og03io9xPCosu9rkgh1t","Venus","Aztlán","Zoé","2018-04-18","254706","62","False","rock, latino, indie","Universal Music Mexico","0.622","0.812","4","-5.265","0","0.0331","0.0179","0.00263","0.391","0.77","117.997","4"
"spotify:track:7ffkdwy4EvMSeUnPVSyqqw","Azul","Aztlán","Zoé","2018-04-18","194226","75","False","rock, latino, indie","Universal Music Mexico","0.515","0.702","9","-6.413","1","0.0363","0.0635","0.608","0.108","0.49","97.993","4"
"spotify:track:5YExs1OO0ol2fIaRm7WmLN","No Hay Mal Que Dure","Aztlán","Zoé","2018-04-18","292120","64","False","rock, latino, indie","Universal Music Mexico","0.46","0.747","0","-7.544","1","0.0289","0.268","0.876","0.126","0.534","161.494","4"
"spotify:track:40dnqAWMjH8cMlgoE1ANjn","Al Final","Aztlán","Zoé","2018-04-18","274026","44","False","rock, latino, indie","Universal Music Mexico","0.525","0.603","4","-7.396","1","0.0281","0.42","0.293","0.274","0.394","135.045","4"
"spotify:track:2YiqBesMJpszYU6raDOG0R","Hielo","Aztlán","Zoé","2018-04-18","302840","69","False","rock, latino, indie","Universal Music Mexico","0.551","0.73","7","-7.69","0","0.0274","0.282","0.923","0.148","0.673","126.965","4"
"spotify:track:6BhxOehTmQIK62WaX6FAKw","Luci","Aztlán","Zoé","2018-04-18","247920","48","False","rock, latino, indie","Universal Music Mexico","0.482","0.588","4","-6.802","0","0.028","0.628","0.294","0.0776","0.302","123.155","4"
"spotify:track:3yqZiszXv79KPfLzeex8XW","Aztlán","Aztlán","Zoé","2018-04-18","219453","44","False","rock, latino, indie","Universal Music Mexico","0.498","0.674","2","-6.802","1","0.0285","0.0295","0.000263","0.108","0.138","109.949","4"
"spotify:track:7HHmyYrLYIAgMED054oJsv","Temor Y Temblor","Aztlán","Zoé","2018-04-18","328986","42","False","rock, latino, indie","Universal Music Mexico","0.541","0.825","2","-5.226","1","0.0291","0.022","0.369","0.123","0.146","110.993","4"
"spotify:track:2Wt26eFSwT5bSZV6QmtmEB","Renacer","Aztlán","Zoé","2018-04-18","374320","54","False","rock, latino, indie","Universal Music Mexico","0.235","0.624","2","-8.274","1","0.0418","0.213","0.853","0.0837","0.051","169.856","4"
"spotify:track:2oMfmic7Xd6ZaspWJiDblk","Ella Es Magia","Aztlán","Zoé","2018-04-18","248440","48","False","rock, latino, indie","Universal Music Mexico","0.386","0.582","9","-8.844","1","0.0727","0.236","0.618","0.0875","0.537","130.32","4"
"spotify:track:6Pzo9yRvXZHvtJCDZfVFP9","Oropel","Aztlán","Zoé","2018-04-18","261333","45","False","rock, latino, indie","Universal Music Mexico","0.484","0.877","9","-6.562","0","0.0443","0.303","0.521","0.0782","0.319","129.971","4"
"spotify:track:0hF1wnq9h5KzonxoOml4rP","Clarividad","Aztlán","Zoé","2018-04-18","303480","43","False","rock, latino, indie","Universal Music Mexico","0.314","0.643","4","-8.894","0","0.0674","0.23","0.908","0.208","0.322","161.843","4"
"spotify:track:3dJuwdXopaPBbkd46jzeof","Salgo Corriendo a Buscarte","Pura Casualidad","El Zar","2020-11-27","199317","51","False","indie, latino","Independent","0.745","0.642","7","-7.76","1","0.0502","0.285","0.0738","0.35","0.751","94.974","4"
"spotify:track:0iTBcOPQPO2K49vnmZYZe6","La Declaración","Pura Casualidad","El Zar","2020-11-27","277573","33","False","indie, latino","Independent","0.823","0.486","0","-9.111","0","0.0421","0.197","0.0021","0.0696","0.588","113.006","4"
"spotify:track:67AG59ltjS8JSqAUTWTJgu","Superstar","Pura Casualidad","El Zar","2020-11-27","182217","56","False","indie, latino","Independent","0.697","0.74","9","-5.995","1","0.0322","0.762","0.00233","0.142","0.753","115.027","4"
"spotify:track:2cp0OKya8Ocqk1sj5rrmtx","Adonde Quieras","Pura Casualidad","El Zar","2020-11-27","226258","49","False","indie, latino","Independent","0.583","0.581","2","-7.288","1","0.0331","0.536","0.00082","0.106","0.461","78.061","4"
"spotify:track:4614qe59G0Z1asyrzksgsE","Huelga de Amor","Pura Casualidad","El Zar","2020-11-27","169418","41","False","indie, latino","Independent","0.705","0.558","7","-7.095","1","0.0295","0.242","0.00157","0.125","0.463","107.938","4"
"spotify:track:12oFxWD8XsCzeL7MnuC4x9","PELÍCULA","Pura Casualidad","El Zar","2020-11-27","193206","22","False","indie, latino","Independent","0.635","0.345","9","-9.959","1","0.0372","0.766","0.00464","0.117","0.444","111.922","4"
"spotify:track:2Qqaf2keyqm5IHbWVsVFjq","Cuarto Creciente","Mi Primer Día Triste","Zoe Gotusso","2020-12-04","178255","49","False","indie, latino","Columbia","0.682","0.65","11","-8.823","1","0.0347","0.205","0.000501","0.366","0.452","100.007","4"
"spotify:track:0drLaDtp4SxzUJoLwEpNe1","Desnuda","Mi Primer Día Triste","Zoe Gotusso","2020-12-04","225264","45","False","indie, latino","Columbia","0.783","0.627","1","-7.581","1","0.0283","0.0409","4.41E-5","0.101","0.474","112.96","4"
"spotify:track:5B3NOiIZkfykH0dk5YekiM","María","Mi Primer Día Triste","Zoe Gotusso","2020-12-04","229943","47","False","indie, latino","Columbia","0.84","0.14","0","-12.776","0","0.0404","0.864","0","0.147","0.514","111.926","4"
"spotify:track:1ZZtQbDVoiDs7FEHJWik4q","Mi Primer Día Triste","Mi Primer Día Triste","Zoe Gotusso","2020-12-04","158653","30","False","indie, latino","Columbia","0.749","0.378","7","-8.749","1","0.042","0.0865","0.0025","0.155","0.406","114.088","4"
"spotify:track:54JWFISolUGIbtNeANGp2B","Ganas","Mi Primer Día Triste","Zoe Gotusso","2020-12-04","254224","56","False","indie, latino","Columbia","0.643","0.575","1","-8.758","0","0.0499","0.474","0","0.284","0.721","75.986","4"
"spotify:track:0h6HR3BKLUojxBtrxmO3rN","La Culpa","Mi Primer Día Triste","Zoe Gotusso","2020-12-04","191896","36","False","indie, latino","Columbia","0.83","0.538","8","-10.047","1","0.0566","0.209","0.0104","0.0905","0.554","93.99","4"
"spotify:track:5hVQs7zKz18voznuYAjOkU","Amándote","Mi Primer Día Triste","Zoe Gotusso","2020-12-04","150859","46","False","indie, latino","Columbia","0.523","0.106","0","-14.658","1","0.042","0.868","1.48E-5","0.117","0.434","146.342","4"
"spotify:track:5bzRBmxaegjZPJZDsj3pKV","El Cuerpo","Mi Primer Día Triste","Zoe Gotusso","2020-12-04","245097","31","False","indie, latino","Columbia","0.696","0.344","1","-8.251","1","0.0268","0.275","0.000678","0.0955","0.29","93.999","4"
"spotify:track:3X9CkljuiWhzoJmGHzKg0z","Ya","Mi Primer Día Triste","Zoe Gotusso","2020-12-04","219410","25","False","indie, latino","Columbia","0.917","0.829","9","-5.907","0","0.0701","0.0232","0.0167","0.0478","0.874","119.984","4"
"spotify:track:69PCPRiRiVQyjnVruZIiN8","María (full mix)","Mi Primer Día Triste","Zoe Gotusso","2020-12-04","244577","28","False","indie, latino","Columbia","0.852","0.445","0","-8.387","0","0.0365","0.111","1.57E-5","0.0755","0.788","113.958","4"
"spotify:track:5oxGnXpTRvlcNXiT5BbpHz","El Riesgo","Devorando Intensidad","El Plan De La Mariposa","2017-06-30","268998","66","False","rock, latino","Savia Records","0.562","0.655","11","-9.777","0","0.0269","0.0154","0.0217","0.133","0.484","136.021","4"
"spotify:track:5GpoTC2Y6FTkAI5PFSr4ck","Mar Argentino","Devorando Intensidad","El Plan De La Mariposa","2017-06-30","222511","57","False","rock, latino","Savia Records","0.577","0.765","5","-8.286","1","0.0262","0.00784","0","0.162","0.816","139.026","4"
"spotify:track:4NbJmq0NuX3RPFw53AfUXD","Invierno Nuclear","Devorando Intensidad","El Plan De La Mariposa","2017-06-30","248787","37","False","rock, latino","Savia Records","0.432","0.555","4","-8.991","1","0.0266","0.00328","0","0.129","0.672","178.157","4"
"spotify:track:69O0H5A6SfAci2C7RlTL9C","Cómo Decir Que No?","Devorando Intensidad","El Plan De La Mariposa","2017-06-30","258405","54","False","rock, latino","Savia Records","0.604","0.682","5","-10.463","1","0.0264","0.0235","0.00339","0.255","0.451","112.009","4"
"spotify:track:1HLXHephuXydDhVCQQXwtV","Cruz del Sur","Devorando Intensidad","El Plan De La Mariposa","2017-06-30","269586","40","False","rock, latino","Savia Records","0.419","0.478","7","-11.246","1","0.0312","0.123","2.48E-6","0.105","0.236","173.964","4"
"spotify:track:2jgmupmOZvlib3qXzwnoI3","La Vida Cura","Devorando Intensidad","El Plan De La Mariposa","2017-06-30","252184","55","False","rock, latino","Savia Records","0.56","0.652","7","-9.926","1","0.0311","0.00118","0.00175","0.118","0.521","117.033","4"
"spotify:track:0vSnHPbnJ27xHEdyjwOeVY","Semilla del Alma","Devorando Intensidad","El Plan De La Mariposa","2017-06-30","229717","51","False","rock, latino","Savia Records","0.496","0.786","6","-9.147","0","0.0392","0.258","1.64E-5","0.106","0.57","106.927","4"
"spotify:track:43S8LZJZ0xg2d4z4h3C3EP","Niño Abuelo","Devorando Intensidad","El Plan De La Mariposa","2017-06-30","240603","37","False","rock, latino","Savia Records","0.47","0.322","7","-10.595","1","0.0295","0.558","0","0.188","0.193","114.016","4"
"spotify:track:7eQ5Rl9XKsKKfBcalpLH1N","El Cuerpo Sabe","Devorando Intensidad","El Plan De La Mariposa","2017-06-30","203339","46","False","rock, latino","Savia Records","0.741","0.687","2","-9.24","0","0.0331","0.0463","1.48E-6","0.122","0.396","99.048","4"
"spotify:track:0X7INWflqQI6sX8FRKZ54Z","Calle Mantra","Devorando Intensidad","El Plan De La Mariposa","2017-06-30","222498","30","False","rock, latino","Savia Records","0.619","0.786","9","-9.544","1","0.0638","0.0861","0","0.0822","0.387","123.056","4"
"spotify:track:4QwAHPoKlVjikBT5uC7igS","Mi Jagger","Devorando Intensidad","El Plan De La Mariposa","2017-06-30","193697","31","False","rock, latino","Savia Records","0.507","0.788","6","-8.567","0","0.0555","0.000138","0","0.14","0.772","168.995","4"
"spotify:track:5befFVjxnVtBxQJFU5xcxH","La Fábrica de Eternidad","Devorando Intensidad","El Plan De La Mariposa","2017-06-30","188788","28","False","rock, latino","Savia Records","0.548","0.768","1","-8.234","0","0.033","0.000663","9.25E-5","0.213","0.724","141.939","4"
"spotify:track:4XNBtWGrKf3uAKoO0MsI63","Abrime los Ojos","Devorando Intensidad","El Plan De La Mariposa","2017-06-30","284455","41","False","rock, latino","Savia Records","0.542","0.578","5","-9.508","1","0.026","0.0169","0.00148","0.152","0.194","129.947","4"
"spotify:track:40a6HU6cI4BGv0fJmR0Dfq","Un Segundo Plan","Súper Terror","El Mató a un Policía Motorizado","2023-07-07","277230","46","False","rock, latino, indie","El Mató a un Policía Motorizado","0.614","0.66","0","-9.699","1","0.0308","2.91E-5","0.392","0.118","0.507","117.97","4"
"spotify:track:2BkCOixgH4hPK0lVYOfh3Z","Medalla de Oro","Súper Terror","El Mató a un Policía Motorizado","2023-07-07","340700","53","False","rock, latino, indie","El Mató a un Policía Motorizado","0.466","0.416","4","-13.101","1","0.029","0.469","0.0167","0.106","0.174","108.562","4"
"spotify:track:2kKDMlOpLR5NsTuOdTyukm","Diamante Roto","Súper Terror","El Mató a un Policía Motorizado","2023-07-07","181766","55","False","rock, latino, indie","El Mató a un Policía Motorizado","0.572","0.632","9","-11.575","1","0.0333","0.0323","0.0161","0.0947","0.672","156.97","4"
"spotify:track:7hZ5ChA3eSzlw5QJDJa7ks","Tantas Cosas Buenas","Súper Terror","El Mató a un Policía Motorizado","2023-07-07","238722","45","False","rock, latino, indie","El Mató a un Policía Motorizado","0.589","0.641","7","-9.118","1","0.0333","0.000416","0.0564","0.0953","0.367","113.999","4"
"spotify:track:6Lv326vIrChUYjAuXMXz78","El Universo","Súper Terror","El Mató a un Policía Motorizado","2023-07-07","136747","39","False","rock, latino, indie","El Mató a un Policía Motorizado","0.419","0.104","2","-12.874","1","0.0365","0.734","0","0.372","0.448","77.771","3"
"spotify:track:3NHNoyFP5pTTibBfAUXeRw","Coronado","Súper Terror","El Mató a un Policía Motorizado","2023-07-07","261760","35","False","rock, latino, indie","El Mató a un Policía Motorizado","0.555","0.787","11","-9.171","1","0.0369","4.29E-5","0.0594","0.635","0.219","134.986","4"
"spotify:track:6M8vAnMGTssVdiO8FjPbo1","Voy a Disparar al Aire","Súper Terror","El Mató a un Policía Motorizado","2023-07-07","235817","37","False","rock, latino, indie","El Mató a un Policía Motorizado","0.573","0.557","0","-12.503","1","0.03","0.000274","0.73","0.0834","0.278","116.008","4"
"spotify:track:4TuogJEoG4SONLuWfh58Xu","Moderato","Súper Terror","El Mató a un Policía Motorizado","2023-07-07","205719","42","False","rock, latino, indie","El Mató a un Policía Motorizado","0.627","0.659","6","-9.427","1","0.0402","1.66E-5","0.325","0.192","0.836","132.004","4"
"spotify:track:0I5lO62zzoKS0IVnjtCM0Q","El Número Mágico","Súper Terror","El Mató a un Policía Motorizado","2023-07-07","252166","36","False","rock, latino, indie","El Mató a un Policía Motorizado","0.64","0.73","1","-10.64","1","0.0331","0.0005","0.0222","0.0703","0.614","115","4"
"spotify:track:7vK84p8K4zePNtWjw0o6ew","El Profeta de Fuego","Súper Terror","El Mató a un Policía Motorizado","2023-07-07","274068","36","False","rock, latino, indie","El Mató a un Policía Motorizado","0.721","0.641","7","-10.019","1","0.0333","0.00229","0.419","0.0489","0.89","130.005","4"
"spotify:track:2X485T9Z5Ly0xyaghN73ed","Let It Happen","Currents","Tame Impala","2015-07-17","467586","87","False","rock, psicodélico, indie","Universal Music Australia Pty. Ltd.","0.602","0.881","1","-5.875","0","0.0443","0.00462","0.0266","0.111","0.577","125.012","4"
"spotify:track:1cCbsojaA6GIT7Y3zuMJ1q","Nangs","Currents","Tame Impala","2015-07-17","107533","76","False","rock, psicodélico, indie","Universal Music Australia Pty. Ltd.","0.536","0.526","0","-9.754","1","0.181","0.159","0.847","0.128","0.434","167.608","4"
"spotify:track:1UYj8qTWjneZJDVjUMwMub","The Moment","Currents","Tame Impala","2015-07-17","255413","75","False","rock, psicodélico, indie","Universal Music Australia Pty. Ltd.","0.547","0.827","7","-6.036","1","0.0468","0.000296","0.101","0.0858","0.451","119.089","4"
"spotify:track:0xtIp0lgccN85GfGOekS5L","Yes I'm Changing","Currents","Tame Impala","2015-07-17","270680","77","True","rock, psicodélico, indie","Universal Music Australia Pty. Ltd.","0.373","0.609","0","-7","1","0.0316","0.108","0.000427","0.0755","0.354","179.955","4"
"spotify:track:5M4yti0QxgqJieUYaEXcpw","Eventually","Currents","Tame Impala","2015-07-17","318591","81","False","rock, psicodélico, indie","Universal Music Australia Pty. Ltd.","0.424","0.615","9","-6.217","0","0.0325","0.0158","0.000389","0.0844","0.155","77.935","4"
"spotify:track:79chzfFIIq7cHkqcYYORk0","Gossip","Currents","Tame Impala","2015-07-17","55413","64","False","rock, psicodélico, indie","Universal Music Australia Pty. Ltd.","0.547","0.208","11","-17.949","0","0.0369","0.974","0.973","0.104","0.347","119.474","3"
"spotify:track:6K4t31amVTZDgR3sKmwUJJ","The Less I Know The Better","Currents","Tame Impala","2015-07-17","216320","91","True","rock, psicodélico, indie","Universal Music Australia Pty. Ltd.","0.64","0.74","4","-4.083","1","0.0284","0.0115","0.00678","0.167","0.785","116.879","4"
"spotify:track:4a9fW33mYR8LhXBOLUhbfF","Past Life","Currents","Tame Impala","2015-07-17","228040","65","False","rock, psicodélico, indie","Universal Music Australia Pty. Ltd.","0.371","0.778","7","-7.196","0","0.0559","0.211","0.00141","0.181","0.288","145.734","4"
"spotify:track:2gNfxysfBRfl9Lvi9T3v6R","Disciples","Currents","Tame Impala","2015-07-17","108546","67","False","rock, psicodélico, indie","Universal Music Australia Pty. Ltd.","0.661","0.869","5","-5.477","1","0.0334","0.078","0.924","0.398","0.8","126.971","4"
"spotify:track:2O99aywAVBhaPrsiJ6zbSS","'Cause I'm A Man","Currents","Tame Impala","2015-07-17","241986","67","True","rock, psicodélico, indie","Universal Music Australia Pty. Ltd.","0.547","0.695","9","-4.969","1","0.0337","0.108","0.00301","0.14","0.641","144.684","4"
"spotify:track:3I7OmVsk4Hm5LBbs2GmhlD","Reality In Motion","Currents","Tame Impala","2015-07-17","252026","66","False","rock, psicodélico, indie","Universal Music Australia Pty. Ltd.","0.536","0.915","2","-4.993","1","0.0581","0.154","0.000788","0.372","0.472","115.037","4"
"spotify:track:5h9hkYIBWTZYFRmF6Iz1gt","Love/Paranoia","Currents","Tame Impala","2015-07-17","185773","70","True","rock, psicodélico, indie","Universal Music Australia Pty. Ltd.","0.502","0.699","5","-5.528","1","0.0333","0.0055","0","0.171","0.354","111.024","4"
"spotify:track:52ojopYMUzeNcudsoz7O9D","New Person, Same Old Mistakes","Currents","Tame Impala","2015-07-17","363240","85","False","rock, psicodélico, indie","Universal Music Australia Pty. Ltd.","0.47","0.809","8","-6.74","1","0.0495","0.272","0.00671","0.0491","0.49","151.836","4"
"spotify:track:5O146sGC7MGeW71yS0Aoco","Sin Vos No Puedo","El Big Blue","Bandalos Chinos","2022-05-06","175373","48","False","indie, latino","Bandalos Chinos","0.762","0.683","2","-6.951","0","0.0311","0.0823","0.000116","0.108","0.756","95.544","4"
"spotify:track:4UAE8ubLUolmgGGbIF1l1N","Una Propuesta","El Big Blue","Bandalos Chinos","2022-05-06","195333","54","False","indie, latino","Bandalos Chinos","0.655","0.651","0","-7.867","1","0.0321","0.356","0.00122","0.089","0.92","126.491","4"
"spotify:track:4YetZqZqyaXMQ7FzKk9Krt","Cállame","El Big Blue","Bandalos Chinos","2022-05-06","187266","60","False","indie, latino","Bandalos Chinos","0.696","0.872","7","-7.398","0","0.0451","0.248","0.00126","0.362","0.89","144.187","4"
"spotify:track:2v7GaWy1vmH9LRCCAADYs7","La Final","El Big Blue","Bandalos Chinos","2022-05-06","197653","45","False","indie, latino","Bandalos Chinos","0.771","0.581","7","-10.317","0","0.0303","0.472","0.0414","0.294","0.547","108.43","4"
"spotify:track:1DcZiy6gWQOG2IhhM6HBui","Mi Fiesta","El Big Blue","Bandalos Chinos","2022-05-06","192880","64","False","indie, latino","Bandalos Chinos","0.785","0.584","9","-8.589","0","0.0316","0.234","0.000465","0.0545","0.893","104.602","4"
"spotify:track:6PpL1SBNKPyIxIySIGpL7W","No, No, No","El Big Blue","Bandalos Chinos","2022-05-06","190506","46","False","indie, latino","Bandalos Chinos","0.587","0.527","9","-8.446","1","0.0836","0.53","1.73E-6","0.165","0.804","143.033","1"
"spotify:track:7jBu9cu7uWYMEkq0vd0rJd","La Última Vez","El Big Blue","Bandalos Chinos","2022-05-06","231746","38","False","indie, latino","Bandalos Chinos","0.911","0.629","10","-8.956","1","0.0324","0.614","0.000855","0.121","0.963","108.89","4"
"spotify:track:315wsPTQ1tHOjWAfeu0ZSC","Entrada","El Big Blue","Bandalos Chinos","2022-05-06","171013","35","False","indie, latino","Bandalos Chinos","0.62","0.707","11","-7.032","1","0.0391","0.103","0.00157","0.0961","0.675","90.475","4"
"spotify:track:5LWCOhC4tpQcqV7WaAyijp","Sillón","El Big Blue","Bandalos Chinos","2022-05-06","141680","32","False","indie, latino","Bandalos Chinos","0.693","0.316","8","-10.574","1","0.0275","0.852","0.00189","0.0733","0.448","102.04","4"
"spotify:track:10k6mBFqCIFPFuBVTSHQxz","Grado De Oscuridad","El Big Blue","Bandalos Chinos","2022-05-06","215973","33","False","indie, latino","Bandalos Chinos","0.745","0.655","9","-7.362","1","0.0306","0.0356","0.0041","0.0898","0.722","127.302","4"
"spotify:track:7tN6UZoOl9Kzlrzquctav9","No, No, No (Reprise)","El Big Blue","Bandalos Chinos","2022-05-06","50200","26","False","indie, latino","Bandalos Chinos","0.412","0.344","6","-13.29","0","0.0421","0.962","0.00107","0.102","0.133","95.24","1"
"spotify:track:5kz1Y1pXsjiFey0uq00VXB","Que Lindo Es Acordarme De Vos","El Big Blue","Bandalos Chinos","2022-05-06","206333","39","False","indie, latino","Bandalos Chinos","0.544","0.285","3","-11.849","1","0.0253","0.787","0.00788","0.121","0.494","138.345","4"
"spotify:track:5NolEMcA7mmw27vpyzvzIT","Changes","Ask That God","Empire Of The Sun","2024-07-26","218179","63","False","pop","EMI Recorded Music Australia Pty Ltd","0.58","0.909","9","-4.399","0","0.0565","0.00532","1.78E-6","0.22","0.776","125.977","4"
"spotify:track:7eqIZPAPLQhkjSVTzBT7UR","Cherry Blossom","Ask That God","Empire Of The Sun","2024-07-26","207587","67","False","pop","EMI Recorded Music Australia Pty Ltd","0.639","0.838","5","-5.496","0","0.0571","0.00581","1.75E-5","0.106","0.565","131.99","4"
"spotify:track:6FNpgPgWAxrtH6uYwDAOmU","Music On The Radio","Ask That God","Empire Of The Sun","2024-07-26","176196","63","False","pop","EMI Recorded Music Australia Pty Ltd","0.766","0.817","10","-3.063","0","0.0649","0.118","2.76E-5","0.135","0.831","115.963","4"
"spotify:track:79RIg06Di0CfLaLBy6a8Pu","The Feeling You Get","Ask That God","Empire Of The Sun","2024-07-26","256381","52","False","pop","EMI Recorded Music Australia Pty Ltd","0.627","0.917","11","-5.093","0","0.0351","0.00503","4.7E-6","0.109","0.775","132.067","4"
"spotify:track:0D0Vy2lwHKdRe1jQ8XEHbK","AEIOU","Ask That God","PNAU;Empire Of The Sun","2024-07-26","194524","40","False","pop","EMI Recorded Music Australia Pty Ltd","0.809","0.928","1","-3.7","1","0.0369","0.00295","0.000928","0.0828","0.543","132.011","4"
"spotify:track:5rPaow70fy2gntOPGgxWZR","Television","Ask That God","Empire Of The Sun","2024-07-26","194477","48","False","pop","EMI Recorded Music Australia Pty Ltd","0.716","0.881","11","-5.87","0","0.037","0.00156","0.0418","0.173","0.891","112.018","4"
"spotify:track:4pJg5sda74PFUnZvj2RHPk","Happy Like You","Ask That God","Empire Of The Sun","2024-07-26","179935","53","False","pop","EMI Recorded Music Australia Pty Ltd","0.636","0.743","1","-7.699","0","0.0469","0.283","0.00118","0.0786","0.413","133.384","4"
"spotify:track:2FhgMLuRHESGGjWzqd2wsX","Revolve","Ask That God","Empire Of The Sun","2024-07-26","194921","43","False","pop","EMI Recorded Music Australia Pty Ltd","0.782","0.724","8","-5.407","1","0.0468","0.103","0.00144","0.0932","0.911","117.118","4"
"spotify:track:7gnR2QLQgEt3T6V1qxmQku","Wild World","Ask That God","Empire Of The Sun","2024-07-26","226042","36","False","pop","EMI Recorded Music Australia Pty Ltd","0.555","0.673","8","-9.46","0","0.037","0.832","0.206","0.12","0.381","133.953","4"
"spotify:track:3VDT2VQNYNFVCew6bc3Npb","Ask That God","Ask That God","Empire Of The Sun","2024-07-26","182745","43","False","pop","EMI Recorded Music Australia Pty Ltd","0.621","0.803","8","-6.902","1","0.0421","0.0974","0.000421","0.269","0.605","118.94","4"
"spotify:track:4xRSgmKLFT44tSFhmuueQU","Rhapsodize","Ask That God","Empire Of The Sun","2024-07-26","377564","32","False","pop","EMI Recorded Music Australia Pty Ltd","0.551","0.47","0","-11.765","1","0.0708","0.421","0.00209","0.18","0.431","170.063","4"
"spotify:track:2m23AtcrhembJOfCGvJo37","Friends I Know","Ask That God","Empire Of The Sun","2024-07-26","201216","30","False","pop","EMI Recorded Music Australia Pty Ltd","0.474","0.209","6","-10.757","1","0.0316","0.899","0.00014","0.555","0.325","132.018","4"
"spotify:track:1WmBVbFmLt0w6zPP37TeCG","Illegal","Fancy That","PinkPantheress","2025-05-09","149666","83","False","pop, indie","Warner Records","0.624","0.89","0","-5.209","0","0.0476","0.0684","0.00149","0.187","0.518","141.47","4"
"spotify:track:7aYGCP34Xo6XujY7Ix1DxB","Girl Like Me","Fancy That","PinkPantheress","2025-05-09","145520","82","False","pop, indie","Warner Records","0.682","0.995","6","-3.846","0","0.0781","0.0229","0.000381","0.305","0.771","137.436","4"
"spotify:track:5QCfOMH5K7bS4dH7H7PNeI","Tonight","Fancy That","PinkPantheress","2025-05-09","174880","77","False","pop, indie","Warner Records","0.726","0.919","10","-4.441","0","0.0894","0.0128","0.00143","0.25","0.84","141.419","4"
"spotify:track:0ZzHRRPxUmNVr4vWNnlDAe","Stars","Fancy That","PinkPantheress","2025-05-09","141866","72","False","pop, indie","Warner Records","0.757","0.881","8","-4.13","1","0.154","0.0163","0.0293","0.272","0.858","138.763","4"
"spotify:track:6nlIvHKnWYZ1cEZBEANp5V","Intermission","Fancy That","PinkPantheress","2025-05-09","24360","17","False","pop, indie","Warner Records","0.322","0.688","1","-17.176","1","0.84","0.665","0.96","0.17","0.215","159.921","5"
"spotify:track:3dTyQ8CON5t5jreYf2GRhA","Noises","Fancy That","PinkPantheress","2025-05-09","104813","65","True","pop, indie","Warner Records","0.599","0.771","10","-5.949","0","0.0838","0.132","0.427","0.123","0.255","168.366","4"
"spotify:track:39BYU2nLFR8Q1RcPdVvUMn","Nice to Know You","Fancy That","PinkPantheress","2025-05-09","170466","67","False","pop, indie","Warner Records","0.554","0.844","11","-4.515","0","0.0429","0.0312","0.00386","0.356","0.427","138.066","4"
"spotify:track:5UBfLYnkImP1RKMMy4TGs8","Stateside","Fancy That","PinkPantheress","2025-05-09","168040","77","False","pop, indie","Warner Records","0.68","0.896","10","-5.343","0","0.0455","0.172","0.00741","0.134","0.624","123.419","4"
"spotify:track:6POxiQbr5dFg2gU68yh4NK","Romeo","Fancy That","PinkPantheress","2025-05-09","154213","69","False","pop, indie","Warner Records","0.606","0.828","10","-4.905","0","0.0721","0.0755","1.03E-5","0.109","0.869","157.01","4"
"spotify:track:7hjIktpd4oMAnMvFymDZIt","Mr. Tinkertrain","No More Tears (Expanded Edition)","Ozzy Osbourne","1991-09-17","356865","55","False","metal, rock","Epic","0.36","0.907","1","-7.138","1","0.0829","0.000435","0.00043","0.361","0.458","126.144","4"
"spotify:track:4dwRny1mJtE5GYuASzQSUf","I Don't Want to Change the World","No More Tears (Expanded Edition)","Ozzy Osbourne","1991-09-17","245723","51","False","metal, rock","Epic","0.441","0.81","1","-6.987","1","0.0373","5.5E-6","2.52E-6","0.153","0.62","122.13","4"
"spotify:track:0S3gpZzlT9Hb7CCSV2owX7","Mama, I'm Coming Home","No More Tears (Expanded Edition)","Ozzy Osbourne","1991-09-17","251869","76","False","metal, rock","Epic","0.282","0.656","8","-6.557","1","0.0302","0.0105","0","0.0892","0.242","139.352","4"
"spotify:track:5A9vDJlvATULz4SjwuZNe3","Desire","No More Tears (Expanded Edition)","Ozzy Osbourne","1991-09-17","345699","51","False","metal, rock","Epic","0.424","0.881","10","-6.4","0","0.0428","0.000115","0.000163","0.309","0.528","75.421","4"
"spotify:track:7w6PJe5KBPyvuRYxFkPssC","No More Tears","No More Tears (Expanded Edition)","Ozzy Osbourne","1991-09-17","444983","80","False","metal, rock","Epic","0.346","0.749","6","-6.506","1","0.035","0.00167","8.86E-5","0.648","0.315","102.591","4"
"spotify:track:6vJSLPZwVOdrLfdfrHSQy0","Won't Be Coming Home (S.I.N.)","No More Tears (Expanded Edition)","Ozzy Osbourne","1991-09-17","286996","47","False","metal, rock","Epic","0.328","0.907","10","-6.43","0","0.0597","0.000101","3.59E-5","0.422","0.416","123.931","4"
"spotify:track:4nvYDy427VvA1TcEkdgZII","Hellraiser","No More Tears (Expanded Edition)","Ozzy Osbourne","1991-09-17","292848","67","False","metal, rock","Epic","0.397","0.852","4","-6.348","1","0.0344","0.00024","0.000282","0.228","0.506","96.064","4"
"spotify:track:1U7WBCkBxc7bGeP6v5juEq","Time After Time","No More Tears (Expanded Edition)","Ozzy Osbourne","1991-09-17","260266","52","False","metal, rock","Epic","0.276","0.591","1","-7.969","1","0.0302","0.000473","4.26E-5","0.0753","0.15","74.646","4"
"spotify:track:0tYkYX8YFWMO3C2JoC6JcD","Zombie Stomp","No More Tears (Expanded Edition)","Ozzy Osbourne","1991-09-17","373461","44","False","metal, rock","Epic","0.533","0.884","1","-7.968","1","0.0414","0.000692","0.00697","0.121","0.472","121.371","4"
"spotify:track:4AolSoGIoIq9YkGnR3D8kR","A.V.H.","No More Tears (Expanded Edition)","Ozzy Osbourne","1991-09-17","252969","41","False","metal, rock","Epic","0.379","0.855","1","-6.126","1","0.051","1.08E-5","0","0.1","0.447","131.28","4"
"spotify:track:0gXMYs6RDg5muWWoi2q3mb","Road to Nowhere","No More Tears (Expanded Edition)","Ozzy Osbourne","1991-09-17","313057","58","False","metal, rock","Epic","0.225","0.791","1","-6.416","1","0.0435","0.000283","1.39E-5","0.108","0.527","77.587","4"
"spotify:track:2b41HNdhuohLoIgi27Qz3l","Don't Blame Me","No More Tears (Expanded Edition)","Ozzy Osbourne","1991-09-17","300499","44","False","metal, rock","Epic","0.586","0.933","6","-5.41","1","0.0572","0.000435","0.000117","0.0607","0.45","119.191","4"
"spotify:track:3YLMkQJQXf7IUrZY8RdSfk","Party with the Animals","No More Tears (Expanded Edition)","Ozzy Osbourne","1991-09-17","258028","42","False","metal, rock","Epic","0.448","0.963","8","-4.895","1","0.0569","0.00458","6.91E-6","0.0623","0.416","91.565","4"
"spotify:track:5OBTc2Ax0KatvCY8MO20W4","Crying In The Rain - 1987 Version / 2018 Remaster","Whitesnake (2018 Remaster)","Whitesnake","1987-03-23","337637","50","False","metal, rock","Craft Recordings","0.199","0.896","4","-7.766","0","0.105","0.000462","2.39E-5","0.364","0.218","128.26","3"
"spotify:track:1XnEimLNi4YsmImAD0uJeQ","Bad Boys - 2018 Remaster","Whitesnake (2018 Remaster)","Whitesnake","1987-03-23","246122","44","False","metal, rock","Craft Recordings","0.342","0.942","7","-8.633","1","0.0716","0.000302","0.000446","0.212","0.17","151.256","4"
"spotify:track:64F9aY986BCYXU483kYs8F","Still Of The Night - 2018 Remaster","Whitesnake (2018 Remaster)","Whitesnake","1987-03-23","397768","43","False","metal, rock","Craft Recordings","0.334","0.835","4","-8.065","0","0.0495","0.00212","0.00111","0.157","0.279","100.262","4"
"spotify:track:58z9sfHe9s9zTvYGKehCWM","Here I Go Again - 1987 Version / 2018 Remaster","Whitesnake (2018 Remaster)","Whitesnake","1987-03-23","275395","71","False","metal, rock","Craft Recordings","0.148","0.808","7","-7.299","1","0.0432","0.0113","0.00015","0.166","0.246","88.618","4"
"spotify:track:2oBLGA6eRLM9SXHZAknnvR","Give Me All Your Love - 2018 Remaster","Whitesnake (2018 Remaster)","Whitesnake","1987-03-23","208133","52","False","metal, rock","Craft Recordings","0.382","0.931","9","-6.94","0","0.0946","0.001","5.84E-5","0.0806","0.174","102.57","1"
"spotify:track:6QyWVCLASvvtpKD0KJZs5e","Is This Love - 2018 Remaster","Whitesnake (2018 Remaster)","Whitesnake","1987-03-23","284496","78","False","metal, rock","Craft Recordings","0.44","0.752","0","-7.823","1","0.0331","0.0505","0","0.222","0.439","89.907","4"
"spotify:track:7lZ2FUn7mxLdmHPzPthOLR","Children Of The Night - 2018 Remaster","Whitesnake (2018 Remaster)","Whitesnake","1987-03-23","262746","41","False","metal, rock","Craft Recordings","0.407","0.939","0","-8.112","1","0.0843","0.000255","0.00188","0.273","0.136","145.37","4"
"spotify:track:3s4UtJ2hX5ByejJcYDEjqh","Straight For The Heart - 2018 Remaster","Whitesnake (2018 Remaster)","Whitesnake","1987-03-23","216994","38","False","metal, rock","Craft Recordings","0.295","0.952","7","-7.391","1","0.0674","0.00426","7.11E-5","0.0568","0.209","90.794","4"
"spotify:track:0a5goscq3hSBnGu1oRKCaC","Don't Turn Away - 2018 Remaster","Whitesnake (2018 Remaster)","Whitesnake","1987-03-23","306423","38","False","metal, rock","Craft Recordings","0.251","0.776","7","-8.468","1","0.0423","0.00182","3.07E-5","0.0932","0.241","86.394","4"
"spotify:track:1Evbuka9063rdPYflRJ7q3","Looking For Love - 2018 Remaster","Whitesnake (2018 Remaster)","Whitesnake","1987-03-23","391078","53","False","metal, rock","Craft Recordings","0.361","0.811","4","-9.214","0","0.0762","0.00535","0.000172","0.334","0.224","130.381","4"
"spotify:track:0JcLAEJWn4osmGiZxMMc2k","You're Gonna Break My Heart Again - 2018 Remaster","Whitesnake (2018 Remaster)","Whitesnake","1987-03-23","252963","38","False","metal, rock","Craft Recordings","0.324","0.894","2","-8.441","0","0.0797","0.00105","6.64E-6","0.11","0.23","147.567","4"
"spotify:track:0Q9kIg9o8w1XKepXWmDUmT","New York","Addison","Addison Rae","2025-06-06","152495","67","False","pop","Columbia","0.596","0.625","9","-8.783","0","0.0962","0.0299","7.33E-6","0.239","0.28","148.005","4"
"spotify:track:6ouhsRJ7gExB7LCYjITk4Y","Diet Pepsi","Addison","Addison Rae","2025-06-06","169697","80","False","pop","Columbia","0.668","0.56","10","-6.54","1","0.0416","0.499","0.00661","0.0953","0.82","150.066","4"
"spotify:track:0yKuz6SU0TN3ViDaydV9ti","Money is Everything","Addison","Addison Rae","2025-06-06","122579","67","False","pop","Columbia","0.604","0.539","1","-8.378","0","0.0318","0.00279","0.0132","0.129","0.512","147.927","4"
"spotify:track:3kDO0ttXrVCWbKCS3sQeC1","Aquamarine","Addison","Addison Rae","2025-06-06","162814","71","False","pop","Columbia","0.569","0.828","7","-8.267","0","0.0326","0.0752","0.0259","0.095","0.687","112.034","4"
"spotify:track:3EYDZ99D1QHq2QoBBjJu22","Lost & Found","Addison","Addison Rae","2025-06-06","48347","58","False","pop","Columbia","0.339","0.337","0","-13.704","0","0.0387","0.835","0.96","0.101","0.435","91.038","4"
"spotify:track:7KwPWmB1gA9zRubseJ7OB2","High Fashion","Addison","Addison Rae","2025-06-06","198172","68","True","pop","Columbia","0.53","0.662","0","-9.58","0","0.0349","0.0441","0.0307","0.372","0.18","91.015","4"
"spotify:track:6RbbysHL9wr8gTRhBlYBbq","Summer Forever","Addison","Addison Rae","2025-06-06","227735","65","False","pop","Columbia","0.648","0.47","11","-8.017","0","0.0279","0.617","0.00179","0.129","0.462","122.003","4"
"spotify:track:3UDqYP3Sa9phBFAATXOixA","In The Rain","Addison","Addison Rae","2025-06-06","213960","67","False","pop","Columbia","0.703","0.659","7","-8.473","0","0.0448","0.136","0.00252","0.149","0.357","119.043","4"
"spotify:track:7B3BwNecBhKvNwSMOOl7Gk","Fame is a Gun","Addison","Addison Rae","2025-06-06","183237","88","False","pop","Columbia","0.692","0.399","3","-7.325","0","0.035","0.165","0.00109","0.1","0.411","137.976","4"
"spotify:track:01fzY6YKwKQ3LxCpIP6buB","Times Like These","Addison","Addison Rae","2025-06-06","232597","66","False","pop","Columbia","0.622","0.627","7","-8.07","1","0.0276","0.583","0.0552","0.11","0.248","109.982","4"
"spotify:track:6ZgUTCrKgFkIsobRRoroFr","Life's No Fun Through Clear Waters","Addison","Addison Rae","2025-06-06","57013","57","False","pop","Columbia","0.186","0.233","1","-16.157","0","0.0288","0.694","0.0515","0.283","0.256","58.732","5"
"spotify:track:3H6xZgwRZx8McVUJzmMxWe","Headphones On","Addison","Addison Rae","2025-06-06","240308","71","False","pop","Columbia","0.605","0.819","6","-7.041","0","0.04","0.0236","0.0166","0.149","0.854","94.01","4"
"spotify:track:1rGuZ6e4I2sVcFWuiLRE8K","Why Love","Maybe Happy Ending (Original Broadway Cast Recording)","Dez Duron;Will Aronson;Hue Park","2025-03-14","92861","44","False","musicales","Ghostlight Records/Rhino","0.534","0.203","9","-14.82","1","0.0376","0.915","0.000129","0.337","0.324","56.731","4"
"spotify:track:1WfV3Wi2w6eZQujaSjOVUa","World Within My Room","Maybe Happy Ending (Original Broadway Cast Recording)","Darren Criss;Will Aronson;Hue Park","2025-03-14","316041","43","False","musicales","Ghostlight Records/Rhino","0.48","0.373","4","-12.184","1","0.0426","0.909","2.19E-6","0.247","0.571","119.522","4"
"spotify:track:777pHs1NWeIjnJVpmjy061","The Way That It Has to Be","Maybe Happy Ending (Original Broadway Cast Recording)","Helen J Shen;The Retired Helperbots;Will Aronson;Hue Park","2025-03-14","136894","44","False","musicales","Ghostlight Records/Rhino","0.633","0.435","8","-8.072","1","0.0332","0.93","1.76E-5","0.136","0.326","137.891","4"
"spotify:track:5AKHyt6LSHYiDIEcjJPkol","Charger Exchange Ballet - Instrumental","Maybe Happy Ending (Original Broadway Cast Recording)","Maybe Happy Ending Original Broadway Orchestra;Will Aronson;Hue Park","2025-03-14","97690","40","False","musicales","Ghostlight Records/Rhino","0.788","0.218","7","-14.181","1","0.0404","0.751","0.0936","0.101","0.802","120.05","4"
"spotify:track:1Jqeu2dphvrsfRNvBMYo59","Where You Belong","Maybe Happy Ending (Original Broadway Cast Recording)","Darren Criss;Marcus Choi;Will Aronson;Hue Park","2025-03-14","216593","44","False","musicales","Ghostlight Records/Rhino","0.328","0.247","5","-12.356","1","0.0321","0.877","2.74E-5","0.113","0.365","92.883","4"
"spotify:track:0LQIxIKR7RpgkzKxpITkmA","Tell Me About Fireflies, Please - Instrumental","Maybe Happy Ending (Original Broadway Cast Recording)","Helen J Shen;Will Aronson;Hue Park","2025-03-14","47300","39","False","musicales","Ghostlight Records/Rhino","0.369","0.386","2","-13.931","1","0.0524","0.939","0.00608","0.118","0.0358","81.798","3"
"spotify:track:7CNLjcwqBpKLyDPTSmSuCD","Hitting the Road, Pt. 1","Maybe Happy Ending (Original Broadway Cast Recording)","Helen J Shen;Darren Criss;Will Aronson;Hue Park","2025-03-14","100448","42","False","musicales","Ghostlight Records/Rhino","0.758","0.434","7","-8.401","1","0.125","0.744","0","0.15","0.72","140.839","4"
"spotify:track:5up1bRxoRSpLSR1OPHPafO","Goodbye, My Room","Maybe Happy Ending (Original Broadway Cast Recording)","Darren Criss;Helen J Shen;Will Aronson;Hue Park","2025-03-14","137245","43","False","musicales","Ghostlight Records/Rhino","0.473","0.158","7","-12.499","1","0.0334","0.881","0","0.47","0.356","121.051","3"
"spotify:track:53d8M7afmHNykAKD7wlEI4","Hitting the Road, Pt. 2","Maybe Happy Ending (Original Broadway Cast Recording)","Helen J Shen;Darren Criss;Will Aronson;Hue Park","2025-03-14","51565","41","False","musicales","Ghostlight Records/Rhino","0.749","0.637","2","-6.538","1","0.0936","0.674","0","0.0464","0.242","140.084","1"
"spotify:track:2unUEpRfYNVGj0L3JPaOw1","The Rainy Day We Met (from Maybe Happy Ending) - Original Broadway Cast Recording","Maybe Happy Ending (Original Broadway Cast Recording)","Darren Criss;Helen J Shen;Will Aronson;Hue Park","2025-03-14","213280","45","False","musicales","Ghostlight Records/Rhino","0.577","0.297","0","-10.32","1","0.0397","0.829","0","0.346","0.258","120.478","4"
"spotify:track:7aWb4YAee5kr629JQvWc8g","Jenny (from Maybe Happy Ending) - Original Broadway Cast Recording","Maybe Happy Ending (Original Broadway Cast Recording)","Dez Duron;Will Aronson;Hue Park","2025-03-14","95336","40","False","musicales","Ghostlight Records/Rhino","0.534","0.426","1","-8.574","1","0.046","0.634","0","0.112","0.522","84.854","4"
"spotify:track:2ZatjMPJln760ocOzEDMq9","How to Be Not Alone","Maybe Happy Ending (Original Broadway Cast Recording)","Helen J Shen;Will Aronson;Hue Park","2025-03-14","172554","43","False","musicales","Ghostlight Records/Rhino","0.505","0.2","1","-12.224","1","0.0363","0.881","7.23E-6","0.108","0.106","119.925","4"
"spotify:track:3iBaSc518GyKdX5lUdnOge","Hitting the Road, Pt. 3","Maybe Happy Ending (Original Broadway Cast Recording)","Darren Criss;Helen J Shen;Will Aronson;Hue Park","2025-03-14","134181","40","False","musicales","Ghostlight Records/Rhino","0.518","0.553","2","-9.201","1","0.0863","0.53","2.02E-6","0.121","0.155","138.465","4"
"spotify:track:0rXAJZxguGnzeByrUMTwbR","What I Learned from People","Maybe Happy Ending (Original Broadway Cast Recording)","Helen J Shen;Will Aronson;Hue Park","2025-03-14","143422","41","False","musicales","Ghostlight Records/Rhino","0.313","0.332","2","-9.193","1","0.0477","0.809","0","0.123","0.269","173.187","3"
"spotify:track:0PSweIlmLnhJsk1OjrDuvW","Why Love: James's Piano Solo - Instrumental","Maybe Happy Ending (Original Broadway Cast Recording)","Maybe Happy Ending Original Broadway Orchestra;Will Aronson;Hue Park","2025-03-14","98821","39","False","musicales","Ghostlight Records/Rhino","0.37","0.0892","2","-18.321","1","0.0382","0.98","0.742","0.0918","0.108","91.524","4"
"spotify:track:2r7XWE2A81PGnR5Hdl8f9M","Chasing Fireflies - Instrumental","Maybe Happy Ending (Original Broadway Cast Recording)","Maybe Happy Ending Original Broadway Orchestra;Will Aronson;Hue Park","2025-03-14","87154","38","False","musicales","Ghostlight Records/Rhino","0.328","0.301","6","-13.517","0","0.0317","0.943","0.0424","0.125","0.0903","125.544","4"
"spotify:track:4kDznaCYUIVf3O2k0C2Hy3","Never Fly Away","Maybe Happy Ending (Original Broadway Cast Recording)","Darren Criss;Helen J Shen;Will Aronson;Hue Park","2025-03-14","160268","41","False","musicales","Ghostlight Records/Rhino","0.525","0.169","5","-13.899","1","0.0353","0.783","3.16E-6","0.63","0.218","119.62","3"
"spotify:track:1zPprT4Q9CriBkLquTrgWZ","A Sentimental Person","Maybe Happy Ending (Original Broadway Cast Recording)","Dez Duron;Will Aronson;Hue Park","2025-03-14","140055","41","False","musicales","Ghostlight Records/Rhino","0.46","0.167","2","-12.364","0","0.0288","0.875","0","0.319","0.377","108.421","5"
"spotify:track:4l9Y925x9oZSD0njqv8Vql","When You're in Love","Maybe Happy Ending (Original Broadway Cast Recording)","Helen J Shen;Darren Criss;Will Aronson;Hue Park","2025-03-14","162700","43","False","musicales","Ghostlight Records/Rhino","0.284","0.226","9","-9.281","1","0.0382","0.896","0","0.0764","0.224","83.422","4"
"spotify:track:47jOHXqxmQ8Y0zY3CQmy8t","Touch Sequence - Instrumental","Maybe Happy Ending (Original Broadway Cast Recording)","Maybe Happy Ending Original Broadway Orchestra;Will Aronson;Hue Park","2025-03-14","105152","37","False","musicales","Ghostlight Records/Rhino","0.181","0.144","7","-14.975","1","0.0315","0.8","0.678","0.099","0.0359","95.042","4"
"spotify:track:4KdRGMIQRg1FqdBryTKBWq","Then I Can Let You Go","Maybe Happy Ending (Original Broadway Cast Recording)","Darren Criss;Helen J Shen;Dez Duron;Will Aronson;Hue Park","2025-03-14","187430","40","False","musicales","Ghostlight Records/Rhino","0.443","0.248","8","-12.121","1","0.0306","0.826","2.36E-6","0.116","0.349","133.519","3"
"spotify:track:6MfBeCFsv0eWHyPcTaN2Ik","Goodbye, My Room (Reprise)","Maybe Happy Ending (Original Broadway Cast Recording)","Darren Criss;Helen J Shen;Will Aronson;Hue Park","2025-03-14","132768","39","False","musicales","Ghostlight Records/Rhino","0.458","0.232","7","-15.131","1","0.0696","0.707","0","0.104","0.234","84.425","4"
"spotify:track:0JpUwZFX0wDJEangcWDKUN","Maybe Happy Ending","Maybe Happy Ending (Original Broadway Cast Recording)","Darren Criss;Helen J Shen;Will Aronson;Hue Park","2025-03-14","159819","41","False","musicales","Ghostlight Records/Rhino","0.325","0.159","10","-12.76","1","0.0407","0.831","0","0.138","0.171","173.351","4"
"spotify:track:4f1Go0JsBn7BEtyRvQ5nLj","Memory Sequence - Instrumental","Maybe Happy Ending (Original Broadway Cast Recording)","Maybe Happy Ending Original Broadway Orchestra;Will Aronson;Hue Park","2025-03-14","136052","38","False","musicales","Ghostlight Records/Rhino","0.325","0.232","8","-13.731","1","0.0309","0.576","0.023","0.115","0.0536","111.318","3"
"spotify:track:7iTGLGmAMAMo3QEJqsBp4E","Why Love (Reprise)","Maybe Happy Ending (Original Broadway Cast Recording)","Dez Duron;Will Aronson;Hue Park","2025-03-14","65832","37","False","musicales","Ghostlight Records/Rhino","0.535","0.229","9","-13.888","1","0.043","0.913","0.00316","0.187","0.376","122.153","4"
"spotify:track:2zTBrV4pJ0EOt7sn4aj0cJ","Finale","Maybe Happy Ending (Original Broadway Cast Recording)","Darren Criss;Helen J Shen;Dez Duron;Marcus Choi;The Retired Helperbots;Will Aronson;Hue Park","2025-03-14","107971","37","False","musicales","Ghostlight Records/Rhino","0.472","0.206","7","-14.884","1","0.0525","0.826","0.000586","0.101","0.11","66.225","4"
"spotify:track:000bu1LLsjmTTnWzXtatx5","Why Love (Live in Amsterdam, May 1948) - Bonus Track","Maybe Happy Ending (Original Broadway Cast Recording)","The Gil Brentley Jazz Orchestra;Will Aronson;Hue Park","2025-03-14","205980","35","False","musicales","Ghostlight Records/Rhino","0.378","0.136","10","-17.823","1","0.0362","0.781","0.0423","0.695","0.161","119.444","4"
"spotify:track:43rA71bccXFGD4C8GOpIlN","I Forgot That You Existed","Lover","Taylor Swift","2019-08-23","170640","72","False","pop","Taylor Swift","0.664","0.316","5","-10.345","1","0.519","0.298","2.03E-6","0.0812","0.541","92.875","4"
"spotify:track:1BxfuPKGuaTgP7aM0Bbdwr","Cruel Summer","Lover","Taylor Swift","2019-08-23","178426","90","False","pop","Taylor Swift","0.552","0.702","9","-5.707","1","0.157","0.117","2.06E-5","0.105","0.564","169.994","4"
"spotify:track:1dGr1c8CrMLDpV6mPbImSI","Lover","Lover","Taylor Swift","2019-08-23","221306","86","False","pop","Taylor Swift","0.359","0.543","7","-7.582","1","0.0919","0.492","1.58E-5","0.118","0.453","68.534","4"
"spotify:track:3RauEVgRgj1IuWdJ9fDs70","The Man","Lover","Taylor Swift","2019-08-23","190360","79","False","pop","Taylor Swift","0.777","0.658","0","-5.191","1","0.054","0.0767","0","0.0901","0.633","110.048","4"
"spotify:track:3pHkh7d0lzM2AldUtz2x37","The Archer","Lover","Taylor Swift","2019-08-23","211240","76","False","pop","Taylor Swift","0.292","0.574","0","-9.375","1","0.0401","0.12","0.00569","0.0663","0.166","124.344","4"
"spotify:track:2YWtcWi3a83pdEg3Gif4Pd","I Think He Knows","Lover","Taylor Swift","2019-08-23","173386","70","False","pop","Taylor Swift","0.897","0.366","0","-8.029","1","0.0569","0.00889","0.000353","0.0715","0.416","100.003","4"
"spotify:track:214nt20w5wOxJnY462klLw","Miss Americana & The Heartbreak Prince","Lover","Taylor Swift","2019-08-23","234146","76","False","pop","Taylor Swift","0.662","0.747","11","-6.926","0","0.0736","0.028","0.00615","0.138","0.487","150.088","4"
"spotify:track:4y5bvROuBDPr5fuwXbIBZR","Paper Rings","Lover","Taylor Swift","2019-08-23","222400","78","False","pop","Taylor Swift","0.811","0.719","9","-6.553","1","0.0497","0.0129","1.36E-5","0.0742","0.865","103.979","4"
"spotify:track:12M5uqx0ZuwkpLp5rJim1a","Cornelia Street","Lover","Taylor Swift","2019-08-23","287266","75","False","pop","Taylor Swift","0.824","0.624","0","-9.728","1","0.0827","0.781","0.000189","0.1","0.248","102.012","4"
"spotify:track:2dgFqt3w9xIQRjhPtwNk3D","Death By A Thousand Cuts","Lover","Taylor Swift","2019-08-23","198533","72","False","pop","Taylor Swift","0.712","0.732","4","-6.754","1","0.0629","0.454","0","0.319","0.313","94.071","4"
"spotify:track:1LLXZFeAHK9R4xUramtUKw","London Boy","Lover","Taylor Swift","2019-08-23","190240","73","False","pop","Taylor Swift","0.695","0.71","1","-6.639","1","0.05","0.0246","0.000104","0.133","0.557","157.925","4"
"spotify:track:4AYtqFyFbX0Xkc2wtcygTr","Soon You’ll Get Better (feat. The Chicks)","Lover","Taylor Swift;The Chicks","2019-08-23","201586","65","False","pop","Taylor Swift","0.433","0.182","0","-12.566","1","0.0641","0.907","0","0.123","0.421","207.476","4"
"spotify:track:5hQSXkFgbxjZo9uCwd11so","False God","Lover","Taylor Swift","2019-08-23","200306","75","False","pop","Taylor Swift","0.739","0.32","11","-10.862","0","0.239","0.736","0.000147","0.111","0.351","79.97","4"
"spotify:track:6RRNNciQGZEXnqk8SQ9yv5","You Need To Calm Down","Lover","Taylor Swift","2019-08-23","171360","77","False","pop","Taylor Swift","0.771","0.671","2","-5.617","1","0.0553","0.00929","0","0.0637","0.714","85.026","4"
"spotify:track:1SymEzIT3H8UZfibCs3TYi","Afterglow","Lover","Taylor Swift","2019-08-23","223293","74","False","pop","Taylor Swift","0.756","0.449","9","-8.746","1","0.0344","0.13","0","0.114","0.399","111.011","4"
"spotify:track:2Rk4JlNc2TPmZe2af99d45","ME! (feat. Brendon Urie of Panic! At The Disco)","Lover","Taylor Swift;Brendon Urie;Panic! At The Disco","2019-08-23","193000","74","False","pop","Taylor Swift","0.61","0.83","0","-4.105","1","0.0571","0.033","0","0.118","0.728","182.162","4"
"spotify:track:1SmiQ65iSAbPto6gPFlBYm","It’s Nice To Have A Friend","Lover","Taylor Swift","2019-08-23","150440","63","False","pop","Taylor Swift","0.737","0.175","10","-9.912","1","0.0401","0.971","0.000337","0.171","0.545","70.008","4"
"spotify:track:1fzAuUVbzlhZ1lJAx9PtY6","Daylight","Lover","Taylor Swift","2019-08-23","293453","81","False","pop","Taylor Swift","0.557","0.496","0","-9.602","1","0.0563","0.808","0.000173","0.0772","0.265","149.983","4"
"spotify:track:6vRvqf5N1ZfCfG67s7EXH1","De Selby (Part 1)","Unreal Unearth","Hozier","2023-08-18","219693","49","False","indie","Rubyworks / Universal-Island Records Ltd","0.366","0.17","8","-14.766","0","0.0363","0.817","0.0065","0.141","0.148","69.503","4"
"spotify:track:0NiWSr6RZQQKWH2yG7fnrC","De Selby (Part 2)","Unreal Unearth","Hozier","2023-08-18","227826","56","False","indie","Rubyworks / Universal-Island Records Ltd","0.601","0.86","6","-5.374","0","0.0653","0.08","0.000369","0.189","0.65","161.96","4"
"spotify:track:7M62aDkiSepRVEb32T9IO4","First Time","Unreal Unearth","Hozier","2023-08-18","233173","54","False","indie","Rubyworks / Universal-Island Records Ltd","0.432","0.651","1","-7.162","1","0.069","0.182","6.4E-5","0.105","0.484","79.418","4"
"spotify:track:6bueV7zlPwN6eyhSan67Wb","Francesca","Unreal Unearth","Hozier","2023-08-18","270066","61","False","indie","Rubyworks / Universal-Island Records Ltd","0.303","0.583","2","-7.217","1","0.0344","0.000232","1.61E-6","0.117","0.184","177.98","4"
"spotify:track:3zsTgPLNF9uEPjwu9jbKaU","I, Carrion (Icarian)","Unreal Unearth","Hozier","2023-08-18","196613","55","False","indie","Rubyworks / Universal-Island Records Ltd","0.364","0.172","0","-14.983","1","0.0347","0.814","0.0358","0.0844","0.2","79.834","4"
"spotify:track:3hbKcj640iYmPQgecainOr","Eat Your Young","Unreal Unearth","Hozier","2023-08-18","243946","64","False","indie","Rubyworks / Universal-Island Records Ltd","0.549","0.595","7","-6.472","0","0.0283","0.359","0.0749","0.249","0.315","90.016","4"
"spotify:track:1EYP6mRfJY45IDKETJsjMO","Damage Gets Done","Unreal Unearth","Hozier;Brandi Carlile","2023-08-18","268653","52","False","country","Rubyworks / Universal-Island Records Ltd","0.5","0.841","7","-4.508","1","0.0854","0.417","0","0.148","0.283","153.009","3"
"spotify:track:44hoFQSNqQKKFPxKCCMoZ3","Who We Are","Unreal Unearth","Hozier","2023-08-18","245666","54","False","indie","Rubyworks / Universal-Island Records Ltd","0.45","0.398","2","-6.877","1","0.0263","0.0976","0.000554","0.088","0.0994","158.057","4"
"spotify:track:3LwcUjK7q0cnbeYJRZbjbd","Son of Nyx","Unreal Unearth","Hozier","2023-08-18","199013","45","False","indie","Rubyworks / Universal-Island Records Ltd","0.178","0.312","8","-11.542","1","0.0317","0.809","0.942","0.381","0.0372","61.878","3"
"spotify:track:6ntIhmLNCrx09gn9GhjZ5A","All Things End","Unreal Unearth","Hozier","2023-08-18","216693","52","False","indie","Rubyworks / Universal-Island Records Ltd","0.541","0.562","0","-7.265","1","0.0443","0.373","0","0.0794","0.223","75.125","4"
"spotify:track:0R0zHeoFVJHi9QbGL7cSaD","To Someone From A Warm Climate (Uiscefhuaraithe)","Unreal Unearth","Hozier","2023-08-18","240773","47","False","indie","Rubyworks / Universal-Island Records Ltd","0.456","0.178","1","-9.665","1","0.0515","0.86","0","0.0964","0.206","140.866","4"
"spotify:track:2fuTf4PvkLWAAVHetDc5yL","Butchered Tongue","Unreal Unearth","Hozier","2023-08-18","149880","45","False","indie","Rubyworks / Universal-Island Records Ltd","0.353","0.235","2","-14.222","1","0.0463","0.867","0.00198","0.115","0.422","81.578","3"
"spotify:track:3vRQw2YQTzhNGvul0Cb7my","Anything But","Unreal Unearth","Hozier","2023-08-18","225333","46","False","indie","Rubyworks / Universal-Island Records Ltd","0.636","0.719","8","-7.207","1","0.0848","0.454","0.000137","0.0544","0.589","92.829","4"
"spotify:track:6sZ7gxjnExFIU0fNA7vCWG","Abstract (Psychopomp)","Unreal Unearth","Hozier","2023-08-18","244120","54","False","indie","Rubyworks / Universal-Island Records Ltd","0.479","0.603","0","-6.546","1","0.0333","0.199","4.34E-6","0.12","0.225","80.982","4"
"spotify:track:05QGaQnoBuda27vXxpuiRU","Unknown / Nth","Unreal Unearth","Hozier","2023-08-18","280106","63","False","indie","Rubyworks / Universal-Island Records Ltd","0.479","0.178","2","-9.98","1","0.0382","0.76","0.000168","0.0897","0.21","134.856","4"
"spotify:track:70DOGQeW4mp3KdDv7pRGlD","First Light","Unreal Unearth","Hozier","2023-08-18","292080","51","False","indie","Rubyworks / Universal-Island Records Ltd","0.184","0.527","11","-5.224","0","0.0303","0.0345","0","0.0944","0.059","147.908","4"
"spotify:track:4w2GLmK2wnioVnb5CPQeex","360","BRAT","Charli xcx","2024-06-07","133805","81","True","pop, electrónica","Atlantic Records","0.857","0.62","0","-8.13","1","0.0472","0.646","0.244","0.0934","0.796","120.042","4"
"spotify:track:0CySZwyRJ0vyUqtSjM9i2k","Club classics","BRAT","Charli xcx","2024-06-07","153526","69","False","pop, electrónica","Atlantic Records","0.704","0.868","7","-6.022","1","0.191","0.125","4.4E-5","0.167","0.712","144.969","4"
"spotify:track:5c9tBmJKbTdn1vhzXHeAwW","Sympathy is a knife","BRAT","Charli xcx","2024-06-07","151125","71","True","pop, electrónica","Atlantic Records","0.718","0.706","7","-5.596","0","0.0587","0.0539","0","0.41","0.58","131.943","4"
"spotify:track:0PFZCt7UNmpas24HejQGu8","I might say something stupid","BRAT","Charli xcx","2024-06-07","109202","59","False","pop, electrónica","Atlantic Records","0.504","0.3","5","-9.199","1","0.029","0.736","0.00629","0.0951","0.16","79.25","4"
"spotify:track:62fqMvguJbsSs9HKhhRfuS","Talk talk","BRAT","Charli xcx","2024-06-07","161757","68","False","pop, electrónica","Atlantic Records","0.579","0.892","0","-5.636","0","0.282","0.0455","0","0.137","0.639","130.146","3"
"spotify:track:3Y1EvIgEVw51XtgNEgpz5c","Von dutch","BRAT","Charli xcx","2024-06-07","164284","80","True","pop, electrónica","Atlantic Records","0.706","0.698","10","-5.679","1","0.0537","0.00298","0.00375","0.116","0.648","130.013","4"
"spotify:track:5sMEEjviCkH6Rp5X2ZvIIc","Everything is romantic","BRAT","Charli xcx","2024-06-07","203482","69","False","pop, electrónica","Atlantic Records","0.485","0.638","2","-6.962","0","0.139","0.309","4.13E-5","0.137","0.421","149.99","4"
"spotify:track:50GxvQA2KEWNt31EdwIlzY","Rewind","BRAT","Charli xcx","2024-06-07","168443","61","False","pop, electrónica","Atlantic Records","0.504","0.742","1","-5.157","1","0.244","0.296","0.000215","0.258","0.684","89.141","3"
"spotify:track:0AkiAfilrTUXV49dleC5SB","So I","BRAT","Charli xcx","2024-06-07","211352","60","False","pop, electrónica","Atlantic Records","0.725","0.478","2","-7.333","1","0.0298","0.739","4.3E-6","0.0945","0.53","116.055","4"
"spotify:track:41krZZovstMJKeJZJtbL78","Girl, so confusing","BRAT","Charli xcx","2024-06-07","174507","68","False","pop, electrónica","Atlantic Records","0.693","0.799","11","-6.41","0","0.0633","0.069","6.11E-5","0.292","0.363","124.994","4"
"spotify:track:19RybK6XDbAVpcdxSbZL1o","Apple","BRAT","Charli xcx","2024-06-07","151739","78","False","pop, electrónica","Atlantic Records","0.804","0.957","0","-5.452","1","0.034","0.125","0.0174","0.114","0.962","126.035","4"
"spotify:track:4wTvw1dBiPXNiHTh0zzpcI","B2b","BRAT","Charli xcx","2024-06-07","178579","76","False","pop, electrónica","Atlantic Records","0.769","0.771","1","-3.12","1","0.0436","0.000783","0.671","0.0537","0.37","116.027","3"
"spotify:track:1qKCO2Tocwg8CbepJ9uDtd","Mean girls","BRAT","Charli xcx","2024-06-07","189410","65","True","pop, electrónica","Atlantic Records","0.708","0.617","6","-6.695","1","0.0394","0.116","0","0.92","0.861","139.991","4"
"spotify:track:3OaFGqHUyxGVkOcSILw8Kx","I think about it all the time","BRAT","Charli xcx","2024-06-07","135878","57","False","pop, electrónica","Atlantic Records","0.819","0.916","0","-7.276","1","0.0871","0.357","0.000309","0.19","0.872","122.027","4"
"spotify:track:5h68SoVFGleijCtjEja3xG","365","BRAT","Charli xcx","2024-06-07","203618","76","True","pop, electrónica","Atlantic Records","0.761","0.856","1","-5.121","1","0.109","0.154","0.503","0.16","0.729","127.111","4"
"spotify:track:53iuhJlwXhSER5J2IYYv1W","The Fate of Ophelia","The Life of a Showgirl","Taylor Swift","2025-10-03","226073","96","False","pop","Taylor Swift","0.726","0.598","5","-5.179","1","0.0291","0.265","0","0.102","0.519","123.921","4"
"spotify:track:1jgTiNob5cVyXeJ3WgX5bL","Elizabeth Taylor","The Life of a Showgirl","Taylor Swift","2025-10-03","208291","84","False","pop","Taylor Swift","0.623","0.627","2","-6.685","1","0.0448","0.36","0","0.116","0.565","81.995","4"
"spotify:track:3yWuTOYDztXjZxdE2cIRUa","Opalite","The Life of a Showgirl","Taylor Swift","2025-10-03","235355","91","False","pop","Taylor Swift","0.806","0.819","4","-5.033","0","0.0384","0.0784","0","0.0371","0.802","124.994","4"
"spotify:track:03bTIHJElXZ0O0jqOQvAbY","Father Figure","The Life of a Showgirl","Taylor Swift","2025-10-03","212777","81","True","pop","Taylor Swift","0.745","0.661","11","-6.29","0","0.0354","0.302","0","0.249","0.321","93.949","4"
"spotify:track:62HoDY1Km6lm47haFpUn9c","Eldest Daughter","The Life of a Showgirl","Taylor Swift","2025-10-03","246356","77","True","pop","Taylor Swift","0.473","0.315","7","-7.326","1","0.0313","0.806","0","0.128","0.323","76.794","4"
"spotify:track:62V2ZHslgQV98gH4AuVXnr","Ruin The Friendship","The Life of a Showgirl","Taylor Swift","2025-10-03","220564","79","False","pop","Taylor Swift","0.625","0.69","7","-5.913","1","0.0875","0.445","0","0.102","0.673","159.868","4"
"spotify:track:2x3mwb96B6TquRqMtbxUE1","Actually Romantic","The Life of a Showgirl","Taylor Swift","2025-10-03","163699","79","True","pop","Taylor Swift","0.708","0.427","1","-7.804","0","0.169","0.497","0","0.103","0.718","169.949","4"
"spotify:track:2TEQvxxQabwLQMqWMg1qGu","Wi$h Li$t","The Life of a Showgirl","Taylor Swift","2025-10-03","207349","81","True","pop","Taylor Swift","0.694","0.494","0","-6.543","1","0.0352","0.303","1.76E-5","0.0811","0.479","147.873","4"
"spotify:track:5ylJtmaWPJ33cW3En7WOu0","Wood","The Life of a Showgirl","Taylor Swift","2025-10-03","150517","79","True","pop","Taylor Swift","0.796","0.706","5","-6.846","1","0.191","0.271","0","0.587","0.781","99.961","4"
"spotify:track:1appZ3c336FkPvCuywfmrs","CANCELLED!","The Life of a Showgirl","Taylor Swift","2025-10-03","211498","78","True","pop","Taylor Swift","0.725","0.399","7","-8.652","0","0.0371","0.534","0","0.193","0.463","90.911","4"
"spotify:track:4qmFC3Jz5aQ0erlk2OSi2X","Honey","The Life of a Showgirl","Taylor Swift","2025-10-03","181534","78","True","pop","Taylor Swift","0.683","0.544","11","-7.3","0","0.0991","0.394","0","0.332","0.54","164.047","4"
"spotify:track:5eXgqtg3T8Av0m1FUaGHex","The Life of a Showgirl (feat. Sabrina Carpenter)","The Life of a Showgirl","Taylor Swift;Sabrina Carpenter","2025-10-03","241766","81","True","pop","Taylor Swift","0.541","0.54","0","-7.589","1","0.143","0.261","0","0.494","0.494","157.44","4"
"spotify:track:5wL9bbT4NKoQ5aikuFCGvT","Clockwork","A Matter of Time: The Final Hour","Laufey","2026-04-10","150866","61","True","jazz, pop, indie","Vingolf Recordings","0.623","0.356","7","-7.614","0","0.0341","0.876","0","0.0746","0.602","125.746","4"
"spotify:track:5BBW0U4l8cmjYgzx6A0vkP","Lover Girl","A Matter of Time: The Final Hour","Laufey","2026-04-10","164400","62","False","jazz, pop, indie","Vingolf Recordings","0.659","0.447","11","-7.225","1","0.152","0.835","0","0.0751","0.899","87.905","4"
"spotify:track:24Q7aiqWzNr5qzpdp5S3ip","Snow White","A Matter of Time: The Final Hour","Laufey","2026-04-10","193533","61","False","jazz, pop, indie","Vingolf Recordings","0.381","0.201","2","-10.64","1","0.0358","0.919","0.00022","0.0953","0.387","100.977","4"
"spotify:track:3dYY2sYUzBCLE9BLVHedjB","Castle in Hollywood","A Matter of Time: The Final Hour","Laufey","2026-04-10","153666","61","False","jazz, pop, indie","Vingolf Recordings","0.696","0.407","5","-7.637","1","0.0354","0.791","0","0.08","0.575","117.99","4"
"spotify:track:2DG20cnHcJch4H9pbL9w7r","Carousel","A Matter of Time: The Final Hour","Laufey","2026-04-10","199800","60","False","jazz, pop, indie","Vingolf Recordings","0.439","0.271","2","-11.044","1","0.0291","0.945","0.0145","0.114","0.286","145.89","3"
"spotify:track:7DEM0croHHjdj4ZmJa9O0h","Silver Lining","A Matter of Time: The Final Hour","Laufey","2026-04-10","197533","60","False","jazz, pop, indie","Vingolf Recordings","0.495","0.343","9","-7.885","1","0.0261","0.819","0.000144","0.111","0.196","82.243","3"
"spotify:track:0NLoUqN0vfNm6NqTc2qrGo","Too Little, Too Late","A Matter of Time: The Final Hour","Laufey","2026-04-10","233600","61","True","jazz, pop, indie","Vingolf Recordings","0.279","0.223","10","-10.345","1","0.0389","0.947","1.18E-6","0.122","0.19","159.28","3"
"spotify:track:1AoLEGCko16VHdYsG2POwH","Cuckoo Ballet - Interlude","A Matter of Time: The Final Hour","Laufey","2026-04-10","219533","58","False","jazz, pop, indie","Vingolf Recordings","0.253","0.17","2","-13.698","1","0.0368","0.93","0.833","0.279","0.0959","124.627","4"
"spotify:track:7N3mP4CQRp2jNdXFKDdGln","Forget-Me-Not","A Matter of Time: The Final Hour","Laufey","2026-04-10","246000","60","False","jazz, pop, indie","Vingolf Recordings","0.222","0.145","4","-12.802","0","0.0362","0.985","0.0336","0.859","0.148","80.457","4"
"spotify:track:5UZMBYPQvgeqWFLCzedOKk","Tough Luck","A Matter of Time: The Final Hour","Laufey","2026-04-10","192866","61","True","jazz, pop, indie","Vingolf Recordings","0.678","0.399","1","-6.96","1","0.0368","0.466","0","0.117","0.232","117.964","4"
"spotify:track:6Ev0CSFpXv04LPgdrYFfFV","A Cautionary Tale","A Matter of Time: The Final Hour","Laufey","2026-04-10","256466","59","False","jazz, pop, indie","Vingolf Recordings","0.362","0.297","11","-10.109","1","0.0459","0.895","0","0.135","0.361","170.327","4"
"spotify:track:6Qz3tsqLqEwH1Fha5giani","Mr. Eclectic","A Matter of Time: The Final Hour","Laufey","2026-04-10","155000","59","False","jazz, pop, indie","Vingolf Recordings","0.601","0.419","2","-11.124","0","0.0677","0.843","0.00042","0.104","0.669","154.997","4"
"spotify:track:6Q3vUVKAyxQfk18HKLC6oo","Clean Air","A Matter of Time: The Final Hour","Laufey","2026-04-10","155200","58","True","jazz, pop, indie","Vingolf Recordings","0.369","0.484","9","-8.385","1","0.0674","0.845","8.82E-6","0.114","0.445","193.819","4"
"spotify:track:2AD9ENIeGBDjNNqzynaoiK","Sabotage","A Matter of Time: The Final Hour","Laufey","2026-04-10","214600","58","False","jazz, pop, indie","Vingolf Recordings","0.418","0.25","3","-8.37","1","0.0281","0.93","0.00144","0.115","0.177","79.636","3"
"spotify:track:3Ci1aN2eXmaPEwdaTe968z","Seems Like Old Times","A Matter of Time: The Final Hour","Laufey","2026-04-10","179133","61","False","jazz, pop, indie","Vingolf Recordings","0.509","0.277","7","-12.821","1","0.0717","0.953","8.44E-5","0.125","0.313","115.82","3"
"spotify:track:0UqHzMvRQnaOXEPKgFVhxN","Madwoman","A Matter of Time: The Final Hour","Laufey","2026-04-10","239333","79","False","jazz, pop, indie","Vingolf Recordings","0.333","0.528","9","-7.974","0","0.0336","0.539","0.0064","0.19","0.456","86.867","3"
"spotify:track:2s4kfMyVXLtqTVf6ynDbf0","How I Get","A Matter of Time: The Final Hour","Laufey","2026-04-10","219866","65","False","jazz, pop, indie","Vingolf Recordings","0.146","0.379","0","-9.132","1","0.0319","0.617","0.00206","0.0922","0.0749","183.909","4"
"spotify:track:4F5ka6lx7RlUWGjzTIby5D","I Wait, I Wait, I Wait","A Matter of Time: The Final Hour","Laufey","2026-04-10","209733","68","False","jazz, pop, indie","Vingolf Recordings","0.333","0.0824","9","-15.428","1","0.0405","0.984","0.00315","0.103","0.156","106.332","3"
"spotify:track:0RRpMyf3DjSxBvwMYQVXt7","I'll Forget About You (In Time)","A Matter of Time: The Final Hour","Laufey","2026-04-10","252400","68","False","jazz, pop, indie","Vingolf Recordings","0.166","0.111","0","-13.547","1","0.0417","0.943","5.1E-5","0.262","0.0594","77.709","4"
"spotify:track:22iFfneMU95dpTN8g0y1Rb","Agnus Dei","From The Pyre","The Last Dinner Party","2025-10-17","333379","55","False","rock, indie","Universal-Island Records Ltd.","0.609","0.793","5","-5.806","1","0.0309","0.0238","1.19E-6","0.286","0.413","112.453","3"
"spotify:track:3W3HU4LKes5RkW683cqK1n","Count The Ways","From The Pyre","The Last Dinner Party","2025-10-17","238930","53","False","rock, indie","Universal-Island Records Ltd.","0.478","0.561","0","-5.832","1","0.0268","0.000104","0.0162","0.163","0.415","142.17","4"
"spotify:track:64mTCKWzB82yf7YOb6gT7k","Second Best","From The Pyre","The Last Dinner Party","2025-10-17","211055","57","False","rock, indie","Universal-Island Records Ltd.","0.547","0.639","6","-6.93","1","0.0283","0.000733","0.000503","0.0984","0.335","131.932","4"
"spotify:track:62ZspgOi379ykrVuC3GRBJ","This is the Killer Speaking","From The Pyre","The Last Dinner Party","2025-10-17","294773","58","True","rock, indie","Universal-Island Records Ltd.","0.388","0.702","6","-5.506","1","0.0422","0.00335","9.61E-6","0.472","0.412","122.996","4"
"spotify:track:5soelceHlRGVKDrybGJo1U","Rifle","From The Pyre","The Last Dinner Party","2025-10-17","271939","55","False","rock, indie","Universal-Island Records Ltd.","0.231","0.305","2","-8.559","0","0.0314","0.0769","1.74E-5","0.105","0.0737","161.476","4"
"spotify:track:13q7S0kgnNcX0cKwi0jkA0","Woman is a Tree","From The Pyre","The Last Dinner Party","2025-10-17","237530","50","False","rock, indie","Universal-Island Records Ltd.","0.215","0.266","5","-8.16","1","0.0309","0.0743","0.000302","0.113","0.114","90.827","4"
"spotify:track:0oUMIdZfeW6f8XNHDkEIkq","I Hold Your Anger","From The Pyre","The Last Dinner Party","2025-10-17","261293","50","False","rock, indie","Universal-Island Records Ltd.","0.29","0.478","5","-7.763","1","0.0266","0.115","4.96E-5","0.108","0.132","91.366","4"
"spotify:track:5WMbzCO48mJ4jeqZljKw8C","Sail Away","From The Pyre","The Last Dinner Party","2025-10-17","239058","51","False","rock, indie","Universal-Island Records Ltd.","0.447","0.165","3","-11.603","1","0.0302","0.973","0.000114","0.106","0.213","106.499","4"
"spotify:track:4lC5STpnrBm7aXMls2zGqJ","The Scythe","From The Pyre","The Last Dinner Party","2025-10-17","285240","58","False","rock, indie","Universal-Island Records Ltd.","0.459","0.46","4","-8.372","1","0.0289","0.0188","0.000357","0.108","0.0547","98.367","4"
"spotify:track:4IWzqXDr0mESjnLP3zRY6m","Inferno","From The Pyre","The Last Dinner Party","2025-10-17","209050","52","False","rock, indie","Universal-Island Records Ltd.","0.611","0.674","0","-6.408","1","0.0257","0.0136","1.36E-6","0.331","0.426","124.036","4"
"spotify:track:2ATDkfqprlNNe9mYWodgdc","Dancing Queen","ABBA Gold","ABBA","2008-01-01","231093","59","False","pop","Polar Music International AB","0.512","0.93","9","-4.344","1","0.0508","0.168","0.00119","0.561","0.677","100.542","4"
"spotify:track:4VR8erwUal5AIAhX4aBkhv","Knowing Me, Knowing You","ABBA Gold","ABBA","2008-01-01","241813","61","False","pop","Polar Music International AB","0.511","0.821","2","-5.098","1","0.0339","0.019","5.82E-6","0.218","0.85","107.107","4"
"spotify:track:7x93eCAiJQF7DUt979fj3p","Take A Chance On Me","ABBA Gold","ABBA","2008-01-01","246813","51","False","pop","Polar Music International AB","0.645","0.782","11","-5.414","1","0.027","0.0321","0","0.492","0.79","106.686","4"
"spotify:track:6ZGR4XGx4tiVyPoWSGgiFq","Mamma Mia","ABBA Gold","ABBA","2008-01-01","210960","50","False","pop","Polar Music International AB","0.73","0.803","2","-5.31","1","0.0315","0.436","0.00022","0.362","0.829","137.572","4"
"spotify:track:2245x0g1ft0HC7sf79zbYN","Lay All Your Love On Me","ABBA Gold","ABBA","2008-01-01","272506","71","False","pop","Polar Music International AB","0.695","0.701","0","-6.435","1","0.0281","0.0187","0.0464","0.251","0.58","133","4"
"spotify:track:36PNa2n55qLfQd7KLXyeoy","Super Trouper","ABBA Gold","ABBA","2008-01-01","251786","49","False","pop","Polar Music International AB","0.723","0.724","0","-6.378","1","0.0304","0.294","0","0.121","0.927","117.99","4"
"spotify:track:5Ywni2cDKsHSKbburrGFgL","I Have A Dream","ABBA Gold","ABBA","2008-01-01","283533","48","False","pop","Polar Music International AB","0.53","0.477","10","-8.954","1","0.0244","0.534","0","0.193","0.446","104.136","4"
"spotify:track:3cyAoKvbHmoOjp0Ww8mlB1","The Winner Takes It All","ABBA Gold","ABBA","2008-01-01","295280","53","False","pop","Polar Music International AB","0.429","0.789","6","-6.447","1","0.0352","0.223","0.00543","0.0474","0.457","125.616","4"
"spotify:track:29FNeqjOV2kPWGS55qhtGB","Money, Money, Money","ABBA Gold","ABBA","2008-01-01","186786","68","False","pop","Polar Music International AB","0.756","0.741","9","-6.426","0","0.0364","0.43","0.00113","0.0807","0.691","120.445","4"
"spotify:track:5pMmWfuL0FTGshYt7HVJ8P","SOS","ABBA Gold","ABBA","2008-01-01","201360","68","False","pop","Polar Music International AB","0.393","0.719","5","-4.773","1","0.0279","0.0629","0.00432","0.219","0.497","124.353","4"
"spotify:track:2v9dMIXI3aEzwv56Gd89yf","Chiquitita","ABBA Gold","ABBA","2008-01-01","325906","52","False","pop","Polar Music International AB","0.503","0.629","9","-6.308","1","0.0314","0.674","2.06E-6","0.263","0.32","84.119","4"
"spotify:track:5Ovo27BHKAcGATt5hOzJ4T","Fernando","ABBA Gold","ABBA","2008-01-01","252760","48","False","pop","Polar Music International AB","0.344","0.607","9","-7.214","1","0.0302","0.442","0","0.0963","0.411","110.108","4"
"spotify:track:4XRGWn5xVdYVdSzgyQjVkC","Voulez-Vous","ABBA Gold","ABBA","2008-01-01","306786","48","False","pop","Polar Music International AB","0.682","0.862","11","-4.799","0","0.0435","0.16","0.000415","0.155","0.897","126.393","4"
"spotify:track:1DSfSCGnvhEP8XA2oKkcCq","Gimme! Gimme! Gimme! (A Man After Midnight)","ABBA Gold","ABBA","2008-01-01","289160","52","False","pop","Polar Music International AB","0.706","0.655","2","-5.987","0","0.0281","0.0288","0.00408","0.32","0.694","119.376","4"
"spotify:track:45EaIq9lKyoQxxTjFkiGbl","Does Your Mother Know","ABBA Gold","ABBA","2008-01-01","193560","61","False","pop","Polar Music International AB","0.703","0.824","7","-5.17","1","0.0364","0.0504","9.19E-5","0.097","0.971","135.24","4"
"spotify:track:6GeOCPVk9CsmwqONWpAqMm","One Of Us","ABBA Gold","ABBA","2008-01-01","234573","46","False","pop","Polar Music International AB","0.621","0.643","7","-6.806","1","0.0388","0.584","6.97E-5","0.0734","0.865","82.186","4"
"spotify:track:1XgCkYbSfqNBIWTppsMsMv","The Name Of The Game","ABBA Gold","ABBA","2008-01-01","292453","44","False","pop","Polar Music International AB","0.621","0.646","9","-7.059","1","0.0285","0.274","8.28E-5","0.0464","0.66","76.736","4"
"spotify:track:4LVfj3d4HMP14K5fgzxeCS","Thank You For The Music","ABBA Gold","ABBA","2008-01-01","228613","46","False","pop","Polar Music International AB","0.288","0.509","4","-6.639","1","0.0413","0.439","0","0.113","0.401","200.307","4"
"spotify:track:5n3ZomaSndQ5v9eYUrFFI1","Waterloo","ABBA Gold","ABBA","2008-01-01","165800","49","False","pop","Polar Music International AB","0.409","0.946","2","-2.878","1","0.0548","0.235","3.58E-5","0.353","0.709","147.114","4"
"spotify:track:4aX3n1Pn6jiCbvqBL8eqyP","Love Me Do - Mono / Remastered","1 (Remastered)","The Beatles","2000-11-13","140173","54","False","rock, psicodélico","UMC (Universal Music Catalogue)","0.524","0.88","0","-3.865","1","0.0987","0.404","0.000191","0.154","0.758","148.058","4"
"spotify:track:1euKWJfJSfPhgSendPrcXb","From Me To You - Mono / Remastered","1 (Remastered)","The Beatles","2000-11-13","116160","54","False","rock, psicodélico","UMC (Universal Music Catalogue)","0.581","0.821","0","-4.387","1","0.0318","0.507","0","0.108","0.968","136.145","4"
"spotify:track:6nEkxYIEnrbYH7h1hJ8Xn6","She Loves You - Mono / Remastered","1 (Remastered)","The Beatles","2000-11-13","140920","58","False","rock, psicodélico","UMC (Universal Music Catalogue)","0.377","0.916","4","-3.199","0","0.0481","0.26","0","0.074","0.912","75.533","4"
"spotify:track:4pbG9SUmWIvsROVLF0zF9s","I Want To Hold Your Hand - Remastered 2015","1 (Remastered)","The Beatles","2000-11-13","145746","67","False","rock, psicodélico","UMC (Universal Music Catalogue)","0.49","0.715","7","-5.549","1","0.0476","0.386","0","0.311","0.866","130.726","4"
"spotify:track:38Vb1J5W5LOs0i7SAF76pa","Can't Buy Me Love - Remastered 2015","1 (Remastered)","The Beatles","2000-11-13","131213","54","False","rock, psicodélico","UMC (Universal Music Catalogue)","0.426","0.76","0","-4.082","1","0.0414","0.118","0","0.325","0.955","171.838","4"
"spotify:track:1pctwlBtIcKIjQMzsVcGHB","A Hard Day's Night - Remastered 2015","1 (Remastered)","The Beatles","2000-11-13","152920","54","False","rock, psicodélico","UMC (Universal Music Catalogue)","0.546","0.818","0","-4.89","1","0.031","0.0487","0","0.0983","0.756","138.561","4"
"spotify:track:5hhF25sWnZvXhimOHLjTRE","I Feel Fine - Remastered 2015","1 (Remastered)","The Beatles","2000-11-13","139346","56","False","rock, psicodélico","UMC (Universal Music Catalogue)","0.564","0.827","7","-7.089","1","0.0283","0.0904","3.73E-6","0.127","0.912","89.847","4"
"spotify:track:5ylLypaOksxWd75YrGtx2N","Eight Days A Week - Remastered 2015","1 (Remastered)","The Beatles","2000-11-13","163320","52","False","rock, psicodélico","UMC (Universal Music Catalogue)","0.636","0.677","9","-5.605","1","0.0316","0.265","0","0.215","0.837","138.707","4"
"spotify:track:7nhrlsT1P4qsslp28UA1BI","Ticket To Ride - Remastered 2015","1 (Remastered)","The Beatles","2000-11-13","190120","53","False","rock, psicodélico","UMC (Universal Music Catalogue)","0.554","0.904","4","-6.319","0","0.0536","0.0638","0","0.259","0.801","123.443","4"
"spotify:track:3Smida2eCUsLzDcmZqXEZ3","Help! - Remastered 2015","1 (Remastered)","The Beatles","2000-11-13","139240","54","False","rock, psicodélico","UMC (Universal Music Catalogue)","0.602","0.736","11","-6.51","0","0.0332","0.149","0","0.0776","0.819","94.931","4"
"spotify:track:4E5rL7YL0hVUPqeMSpjEF2","Yesterday - Remastered 2015","1 (Remastered)","The Beatles","2000-11-13","125320","58","False","rock, psicodélico","UMC (Universal Music Catalogue)","0.401","0.189","0","-11.189","1","0.0287","0.871","0","0.0968","0.357","94.509","4"
"spotify:track:29b2b96jozyD9GPCkOrVLs","Day Tripper - Remastered 2015","1 (Remastered)","The Beatles","2000-11-13","169000","59","False","rock, psicodélico","UMC (Universal Music Catalogue)","0.665","0.782","6","-8.438","0","0.0307","0.12","4.19E-6","0.125","0.731","137.453","4"
"spotify:track:1hTUFqJuQAMjXVGwUPWDqi","We Can Work It Out - Remastered 2015","1 (Remastered)","The Beatles","2000-11-13","135693","58","False","rock, psicodélico","UMC (Universal Music Catalogue)","0.378","0.677","2","-8.63","1","0.0298","0.0635","0","0.183","0.648","106.071","4"
"spotify:track:0Ui8KPWZbJJQ2Y0CIQuVqX","Paperback Writer - Remastered 2015","1 (Remastered)","The Beatles","2000-11-13","138200","54","False","rock, psicodélico","UMC (Universal Music Catalogue)","0.472","0.856","7","-6.03","1","0.0562","0.147","2.78E-6","0.595","0.841","78.696","4"
"spotify:track:7zRmGvtSy36Jr19U5OInJT","Yellow Submarine - Remastered 2015","1 (Remastered)","The Beatles","2000-11-13","158800","51","False","rock, psicodélico","UMC (Universal Music Catalogue)","0.66","0.557","1","-9.597","1","0.03","0.158","0","0.543","0.788","110.743","4"
"spotify:track:0Wv8IXRUDZOfmFJHC1VOFI","Eleanor Rigby - Remastered 2015","1 (Remastered)","The Beatles","2000-11-13","125866","54","False","rock, psicodélico","UMC (Universal Music Catalogue)","0.605","0.314","0","-7.631","1","0.0327","0.916","0","0.359","0.836","138.148","4"
"spotify:track:7afyyi8zn4FzWbcJ70F56V","Penny Lane - Remastered 2015","1 (Remastered)","The Beatles","2000-11-13","180520","53","False","rock, psicodélico","UMC (Universal Music Catalogue)","0.679","0.592","9","-5.963","1","0.0402","0.0964","0.0138","0.16","0.55","113.265","4"
"spotify:track:6KqiVlOLfDzJViJVAPym1p","All You Need Is Love - Remastered 2015","1 (Remastered)","The Beatles","2000-11-13","227760","55","False","rock, psicodélico","UMC (Universal Music Catalogue)","0.397","0.625","7","-5.829","1","0.0347","0.437","5.47E-6","0.263","0.676","104.54","4"
"spotify:track:0hqjsgWRfMBf2s8xsvRq1M","Hello, Goodbye - Remastered 2015","1 (Remastered)","The Beatles","2000-11-13","207786","54","False","rock, psicodélico","UMC (Universal Music Catalogue)","0.498","0.806","0","-5.284","1","0.0265","0.402","5.74E-6","0.525","0.664","99.396","4"
"spotify:track:1raiIrqaqRAqZmQWZlLuBd","Lady Madonna - Remastered 2015","1 (Remastered)","The Beatles","2000-11-13","136826","53","False","rock, psicodélico","UMC (Universal Music Catalogue)","0.65","0.777","2","-4.984","1","0.0294","0.141","0.343","0.215","0.574","109.608","4"
"spotify:track:0aym2LBJBk9DAYuHHutrIl","Hey Jude - Remastered 2015","1 (Remastered)","The Beatles","2000-11-13","425653","71","False","rock, psicodélico","UMC (Universal Music Catalogue)","0.386","0.607","10","-7.7","1","0.0261","0.0112","1.38E-5","0.088","0.532","147.207","4"
"spotify:track:6zmQ8bzlDIfngjy0Ba3w46","Get Back - Remastered 2015","1 (Remastered)","The Beatles;Billy Preston","2000-11-13","191773","55","False","rock, psicodélico, r&b, soul","UMC (Universal Music Catalogue)","0.703","0.636","7","-7.579","1","0.0376","0.186","0.0256","0.0959","0.218","122.921","4"
"spotify:track:1F7s27lLKshLPt9TPCgMDL","The Ballad Of John And Yoko - Remastered 2015","1 (Remastered)","The Beatles","2000-11-13","179480","55","False","rock, psicodélico","UMC (Universal Music Catalogue)","0.651","0.892","4","-6.551","1","0.0313","0.00465","2.85E-6","0.127","0.962","135.309","4"
"spotify:track:7mzNk14FElnA5DOKQyBrM0","Something - Remastered 2015","1 (Remastered)","The Beatles","2000-11-13","181413","54","False","rock, psicodélico","UMC (Universal Music Catalogue)","0.449","0.375","0","-9.329","1","0.0286","0.302","2.41E-6","0.144","0.466","133.845","4"
"spotify:track:3CEFDHJSiERlfwRujZ1CkJ","Come Together - Remastered 2015","1 (Remastered)","The Beatles","2000-11-13","258693","51","False","rock, psicodélico","UMC (Universal Music Catalogue)","0.559","0.343","9","-13.072","0","0.0424","0.0601","0.138","0.1","0.183","164.53","4"
"spotify:track:4qsVPnhbvEooD1bSNqvvh0","Let It Be - Remastered 2015","1 (Remastered)","The Beatles","2000-11-13","230440","60","False","rock, psicodélico","UMC (Universal Music Catalogue)","0.445","0.436","0","-8.536","1","0.0332","0.58","2.63E-5","0.112","0.483","139.848","4"
"spotify:track:5xhP99gVBIkpr7omcdCeiy","The Long And Winding Road - Remastered 2015","1 (Remastered)","The Beatles","2000-11-13","219440","50","False","rock, psicodélico","UMC (Universal Music Catalogue)","0.326","0.365","3","-8.776","1","0.0265","0.667","0.000523","0.0718","0.314","133.084","4"
"spotify:track:2EqlS6tkEnglzr7tkKAAYD","Come Together - Remastered 2009","Abbey Road (Remastered)","The Beatles","1969-09-26","259946","81","False","rock, psicodélico","EMI Catalogue","0.53","0.376","9","-11.913","0","0.04","0.0304","0.247","0.0926","0.188","164.775","4"
"spotify:track:0pNeVovbiZHkulpGeOx1Gj","Something - Remastered 2009","Abbey Road (Remastered)","The Beatles","1969-09-26","182293","79","False","rock, psicodélico","EMI Catalogue","0.406","0.338","0","-10.872","1","0.0303","0.195","2.57E-6","0.138","0.379","132.875","4"
"spotify:track:2S8xyNRJX1XQdo3qnTuovI","Maxwell's Silver Hammer - Remastered 2009","Abbey Road (Remastered)","The Beatles","1969-09-26","207920","61","False","rock, psicodélico","EMI Catalogue","0.763","0.425","2","-11.045","1","0.0405","0.631","0.00013","0.132","0.723","131.113","4"
"spotify:track:2mxByJWOajjiVsLWjNXvDJ","Oh! Darling - Remastered 2009","Abbey Road (Remastered)","The Beatles","1969-09-26","207240","72","False","rock, psicodélico","EMI Catalogue","0.422","0.656","4","-8.412","1","0.0397","0.0126","0.0288","0.268","0.55","173.941","3"
"spotify:track:0suLngfo7rJoetk7Ub6N8l","Octopus's Garden - Remastered 2009","Abbey Road (Remastered)","The Beatles","1969-09-26","170720","69","False","rock, psicodélico","EMI Catalogue","0.627","0.512","1","-9.15","0","0.0247","0.155","4.65E-5","0.215","0.73","92.225","4"
"spotify:track:3Z25k4ZF6QENy2d9YatsM5","I Want You (She's So Heavy) - Remastered 2009","Abbey Road (Remastered)","The Beatles","1969-09-26","467320","66","False","rock, psicodélico","EMI Catalogue","0.37","0.514","2","-9.488","0","0.0321","0.0235","0.213","0.0966","0.413","115.716","4"
"spotify:track:6dGnYIeXmHdcikdzNNDMm2","Here Comes The Sun - Remastered 2009","Abbey Road (Remastered)","The Beatles","1969-09-26","185733","85","False","rock, psicodélico","EMI Catalogue","0.557","0.54","9","-10.484","1","0.0347","0.0339","0.00248","0.179","0.394","129.177","4"
"spotify:track:1rxoyGj1QuPoVi8fOft1Kt","Because - Remastered 2009","Abbey Road (Remastered)","The Beatles","1969-09-26","165666","61","False","rock, psicodélico","EMI Catalogue","0.326","0.247","2","-11.78","1","0.0274","0.75","5.39E-6","0.134","0.146","80.508","4"
"spotify:track:1jOLTO379yIu9aMnCkpMQl","You Never Give Me Your Money - Remastered 2009","Abbey Road (Remastered)","The Beatles","1969-09-26","242973","62","False","rock, psicodélico","EMI Catalogue","0.335","0.416","0","-11.051","1","0.0347","0.344","0.136","0.116","0.222","174.284","3"
"spotify:track:4nwKdZID1ht0lDBJ5h2p87","Sun King - Remastered 2009","Abbey Road (Remastered)","The Beatles","1969-09-26","146266","60","False","rock, psicodélico","EMI Catalogue","0.483","0.177","2","-17.629","1","0.0277","0.287","0.496","0.116","0.191","74.993","4"
"spotify:track:4JOyMhad5dD81uGYLGgKrS","Mean Mr Mustard - Remastered 2009","Abbey Road (Remastered)","The Beatles","1969-09-26","66533","59","False","rock, psicodélico","EMI Catalogue","0.677","0.606","4","-9.112","1","0.0272","0.0696","2.43E-5","0.35","0.97","100.687","4"
"spotify:track:1FTCA6wQwulQFokDddKE68","Polythene Pam - Remastered 2009","Abbey Road (Remastered)","The Beatles","1969-09-26","72640","58","False","rock, psicodélico","EMI Catalogue","0.475","0.939","11","-8.884","0","0.199","0.00472","0.674","0.19","0.499","166.829","4"
"spotify:track:2jtUGFsqanQ82zqDlhiKIp","She Came In Through The Bathroom Window - Remastered 2009","Abbey Road (Remastered)","The Beatles","1969-09-26","118626","61","False","rock, psicodélico","EMI Catalogue","0.53","0.72","2","-8.793","1","0.0338","0.00377","3.32E-5","0.314","0.69","80.656","4"
"spotify:track:01SfTM5nfCou5gQL70r6gs","Golden Slumbers - Remastered 2009","Abbey Road (Remastered)","The Beatles","1969-09-26","91760","71","False","rock, psicodélico","EMI Catalogue","0.418","0.152","0","-12.126","1","0.0277","0.326","0.0034","0.113","0.239","80.591","4"
"spotify:track:5eZrW59C3UgBhkqNlowEID","Carry That Weight - Remastered 2009","Abbey Road (Remastered)","The Beatles","1969-09-26","96466","65","False","rock, psicodélico","EMI Catalogue","0.542","0.458","0","-8.976","1","0.0275","0.226","0.00663","0.298","0.706","84.327","4"
"spotify:track:5aHHf6jrqDRb1fcBmue2kn","The End - Remastered 2009","Abbey Road (Remastered)","The Beatles","1969-09-26","141613","63","False","rock, psicodélico","EMI Catalogue","0.647","0.487","11","-10.119","0","0.069","0.00101","0.26","0.138","0.222","123.442","1"
"spotify:track:6UCFZ9ZOFRxK8oak7MdPZu","Her Majesty - Remastered 2009","Abbey Road (Remastered)","The Beatles","1969-09-26","25986","31","False","rock, psicodélico","EMI Catalogue","0.703","0.215","2","-23.03","1","0.0892","0.728","1.23E-6","0.13","0.522","100.874","3"
"spotify:track:1Bkv3iK8eRU6vu6uCspHuu","Prelude To Ecstasy","Prelude to Ecstasy","The Last Dinner Party","2024-02-02","96013","44","False","indie","Universal-Island Records Ltd.","0.288","0.312","2","-10.841","0","0.0319","0.652","0.734","0.115","0.138","93.413","5"
"spotify:track:54wX7jxwKL2TQS9itIIMyJ","Burn Alive","Prelude to Ecstasy","The Last Dinner Party","2024-02-02","201414","58","False","indie","Universal-Island Records Ltd.","0.603","0.728","7","-5.366","0","0.0302","0.000329","0.00255","0.0944","0.288","110.936","4"
"spotify:track:2w4cRBhWvHCsDpvyhiDkjq","Caesar on a TV Screen","Prelude to Ecstasy","The Last Dinner Party","2024-02-02","229667","57","False","indie","Universal-Island Records Ltd.","0.502","0.565","11","-7.092","1","0.0349","0.00971","1.81E-5","0.104","0.344","125.038","4"
"spotify:track:4uAPVHpdoGKHmIFkv1wgmb","The Feminine Urge","Prelude to Ecstasy","The Last Dinner Party","2024-02-02","206571","49","False","indie","Universal-Island Records Ltd.","0.616","0.714","2","-5.934","1","0.0327","0.000935","0.00336","0.126","0.647","117.992","4"
"spotify:track:1HFwvkYsBkmHfjintlYaFZ","On Your Side","Prelude to Ecstasy","The Last Dinner Party","2024-02-02","267977","58","False","indie","Universal-Island Records Ltd.","0.268","0.469","11","-7.52","0","0.0311","0.105","0.00591","0.213","0.0818","139.938","4"
"spotify:track:4YGpUNc3cScpjliOZojJ89","Beautiful Boy","Prelude to Ecstasy","The Last Dinner Party","2024-02-02","227508","50","False","indie","Universal-Island Records Ltd.","0.197","0.235","0","-9.632","0","0.0408","0.168","0.000933","0.0849","0.0769","202.067","4"
"spotify:track:1w5GIyPp7oXKchE3JJ9uiN","Gjuha","Prelude to Ecstasy","The Last Dinner Party","2024-02-02","89796","45","False","indie","Universal-Island Records Ltd.","0.243","0.326","7","-11.07","1","0.0329","0.737","0.915","0.278","0.0402","124.55","3"
"spotify:track:5IXA8J6Xugs507nAzwSa5F","Sinner","Prelude to Ecstasy","The Last Dinner Party","2024-02-02","176483","63","False","indie","Universal-Island Records Ltd.","0.58","0.828","7","-4.713","1","0.0305","0.00144","0.00927","0.0983","0.359","101.984","4"
"spotify:track:1lNSP4ZdpVXJajfeIpUrfe","My Lady of Mercy","Prelude to Ecstasy","The Last Dinner Party","2024-02-02","175410","54","False","indie","Universal-Island Records Ltd.","0.479","0.579","7","-6.334","1","0.0433","0.00525","0.00635","0.0912","0.431","117.921","4"
"spotify:track:1SclZG2EGcYlH3Hkep7RAU","Portrait of a Dead Girl","Prelude to Ecstasy","The Last Dinner Party","2024-02-02","297763","51","False","indie","Universal-Island Records Ltd.","0.267","0.473","2","-6.337","1","0.0303","0.0139","2.45E-6","0.0925","0.22","79.504","4"
"spotify:track:5crY7axm3GejOxy5PsnnPk","Nothing Matters","Prelude to Ecstasy","The Last Dinner Party","2024-02-02","182623","72","True","indie","Universal-Island Records Ltd.","0.576","0.796","2","-5.1","1","0.0375","0.0219","0.000151","0.11","0.589","101.093","4"
"spotify:track:5tf5Nmic4rcbXHyLHXu3Wz","Mirror","Prelude to Ecstasy","The Last Dinner Party","2024-02-02","324816","48","False","indie","Universal-Island Records Ltd.","0.294","0.328","9","-9.779","0","0.0304","0.0294","0.0141","0.106","0.0778","127.395","4"
"spotify:track:0Om9WAB5RS09L80DyOfTNa","Tim McGraw","Taylor Swift","Taylor Swift","2006-10-24","232106","60","False","pop","Taylor Swift","0.58","0.491","0","-6.462","1","0.0251","0.575","0","0.121","0.425","76.009","4"
"spotify:track:32mVHdy0bi1XKgr0ajsBlG","Picture To Burn","Taylor Swift","Taylor Swift","2006-10-24","173066","63","False","pop","Taylor Swift","0.658","0.877","7","-2.098","1","0.0323","0.173","0","0.0962","0.821","105.586","4"
"spotify:track:7zMcNqs55Mxer82bvZFkpg","Teardrops On My Guitar - Radio Single Remix","Taylor Swift","Taylor Swift","2006-10-24","203040","60","False","pop","Taylor Swift","0.621","0.417","10","-6.941","1","0.0231","0.288","0","0.119","0.289","99.953","4"
"spotify:track:73OX8GdpOeGzKC6OvGSbsv","A Place in this World","Taylor Swift","Taylor Swift","2006-10-24","199200","53","False","pop","Taylor Swift","0.576","0.777","9","-2.881","1","0.0324","0.051","0","0.32","0.428","115.028","4"
"spotify:track:7an1exwMnfYRcdVQm0yDev","Cold As You","Taylor Swift","Taylor Swift","2006-10-24","239013","52","False","pop","Taylor Swift","0.418","0.482","5","-5.769","1","0.0266","0.217","0","0.123","0.261","175.558","4"
"spotify:track:2QA3IixpRcKyOdG7XDzRgv","The Outside","Taylor Swift","Taylor Swift","2006-10-24","207106","51","False","pop","Taylor Swift","0.589","0.805","5","-4.055","1","0.0293","0.00491","0","0.24","0.591","112.982","4"
"spotify:track:6K0CJLVXqbGMeJSmJ4ENKK","Tied Together with a Smile","Taylor Swift","Taylor Swift","2006-10-24","248106","51","False","pop","Taylor Swift","0.479","0.578","2","-4.963","1","0.0294","0.525","0","0.0841","0.192","146.165","4"
"spotify:track:2ZoOmCSgj0ypVAmGd1ve4y","Stay Beautiful","Taylor Swift","Taylor Swift","2006-10-24","236053","52","False","pop","Taylor Swift","0.594","0.629","8","-4.919","1","0.0246","0.0868","0","0.137","0.504","131.597","4"
"spotify:track:16MVSD0mGI4RMQT83Qzm69","Should've Said No","Taylor Swift","Taylor Swift","2006-10-24","242200","60","False","pop","Taylor Swift","0.476","0.777","4","-3.771","0","0.0289","0.0103","0","0.196","0.472","167.964","4"
"spotify:track:2QrQCMel6v2JiLxqrg4p2O","Mary's Song (Oh My My My)","Taylor Swift","Taylor Swift","2006-10-24","213080","54","False","pop","Taylor Swift","0.403","0.627","2","-5.28","1","0.0292","0.0177","0","0.182","0.374","74.9","4"
"spotify:track:15DeqWWQB4dcEWzJg15VrN","Our Song","Taylor Swift","Taylor Swift","2006-10-24","201106","68","False","pop","Taylor Swift","0.668","0.672","2","-4.931","1","0.0303","0.111","0","0.329","0.539","89.011","4"
"spotify:track:0JIdBrXGSJXS72zjF9ss9u","I'm Only Me When I'm With You","Taylor Swift","Taylor Swift","2006-10-24","213053","55","False","pop","Taylor Swift","0.563","0.934","8","-3.629","1","0.0646","0.00452","0.000807","0.103","0.518","143.964","4"
"spotify:track:5OOd01o2YS1QFwdpVLds3r","Invisible","Taylor Swift","Taylor Swift","2006-10-24","203226","51","False","pop","Taylor Swift","0.612","0.394","7","-5.723","1","0.0243","0.637","0","0.147","0.233","96.001","4"
"spotify:track:1spLfUJxtyVyiKKTegQ2r4","A Perfectly Good Heart","Taylor Swift","Taylor Swift","2006-10-24","220146","50","False","pop","Taylor Swift","0.483","0.751","4","-5.726","1","0.0365","0.00349","0","0.128","0.268","156.092","4"
"spotify:track:77sMIMlNaSURUAXq5coCxE","Fearless (Taylor’s Version)","Fearless (Taylor's Version)","Taylor Swift","2021-04-09","241591","75","False","pop","Taylor Swift","0.569","0.741","5","-4.963","1","0.0282","0.0122","0","0.333","0.43","100.118","4"
"spotify:track:2nqio0SfWg6gh2eCtfuMa5","Fifteen (Taylor’s Version)","Fearless (Taylor's Version)","Taylor Swift","2021-04-09","294419","64","False","pop","Taylor Swift","0.559","0.646","7","-4.61","1","0.0272","0.116","0","0.32","0.289","95.466","4"
"spotify:track:6YvqWjhGD8mB5QXcbcUKtx","Love Story (Taylor’s Version)","Fearless (Taylor's Version)","Taylor Swift","2021-04-09","235766","78","False","pop","Taylor Swift","0.627","0.792","2","-4.311","1","0.031","0.13","3.97E-6","0.0845","0.415","119.054","4"
"spotify:track:550erGcdD9n6PnwxrvYqZT","Hey Stephen (Taylor’s Version)","Fearless (Taylor's Version)","Taylor Swift","2021-04-09","254254","63","False","pop","Taylor Swift","0.788","0.571","6","-6.135","1","0.0296","0.106","0","0.0934","0.797","115.99","4"
"spotify:track:5YL553x8sHderRBDlm3NM3","White Horse (Taylor’s Version)","Fearless (Taylor's Version)","Taylor Swift","2021-04-09","234515","68","False","pop","Taylor Swift","0.423","0.517","0","-7.377","1","0.0486","0.369","0","0.177","0.366","185.262","4"
"spotify:track:1qrpoAMXodY6895hGKoUpA","You Belong With Me (Taylor’s Version)","Fearless (Taylor's Version)","Taylor Swift","2021-04-09","231124","83","False","pop","Taylor Swift","0.632","0.773","6","-4.856","1","0.0346","0.0623","0","0.0885","0.474","130.033","4"
"spotify:track:7HC7R2D8WjXVcUHJyEGjRs","Breathe (feat. Colbie Caillat) (Taylor’s Version)","Fearless (Taylor's Version)","Taylor Swift;Colbie Caillat","2021-04-09","263377","62","False","pop","Taylor Swift","0.506","0.626","1","-6.066","1","0.0287","0.156","0","0.228","0.321","148.035","4"
"spotify:track:0k0vFacOHNuArLWMiH60p7","Tell Me Why (Taylor’s Version)","Fearless (Taylor's Version)","Taylor Swift","2021-04-09","200575","60","False","pop","Taylor Swift","0.578","0.909","7","-3.669","1","0.0628","0.0222","0","0.333","0.541","100.023","4"
"spotify:track:6iiAfo4wTA2CVC3Uwx9uh8","You’re Not Sorry (Taylor’s Version)","Fearless (Taylor's Version)","Taylor Swift","2021-04-09","261842","62","False","pop","Taylor Swift","0.506","0.444","6","-4.99","1","0.0285","0.0538","0","0.123","0.241","133.873","4"
"spotify:track:22bPsP2jCgbLUvh82U0Z3M","The Way I Loved You (Taylor’s Version)","Fearless (Taylor's Version)","Taylor Swift","2021-04-09","243136","77","False","pop","Taylor Swift","0.402","0.732","5","-4.665","1","0.0484","0.0033","0","0.108","0.472","161.032","4"
"spotify:track:1msEuwSBneBKpVCZQcFTsU","Forever & Always (Taylor’s Version)","Fearless (Taylor's Version)","Taylor Swift","2021-04-09","225328","65","False","pop","Taylor Swift","0.598","0.821","10","-4.433","1","0.0447","0.0231","0","0.143","0.673","128.03","4"
"spotify:track:6ON9UuIq49xXY9GPmHIYRp","The Best Day (Taylor’s Version)","Fearless (Taylor's Version)","Taylor Swift","2021-04-09","245290","61","False","pop","Taylor Swift","0.642","0.576","1","-8.524","1","0.0282","0.488","0","0.159","0.469","125","4"
"spotify:track:3ExweHKZF9B752DPQByRVT","Change (Taylor’s Version)","Fearless (Taylor's Version)","Taylor Swift","2021-04-09","279359","58","False","pop","Taylor Swift","0.499","0.815","5","-4.063","1","0.0341","0.000191","0","0.181","0.344","95.999","4"
"spotify:track:2m3ObD945KvpE5y9A1eUWm","Jump Then Fall (Taylor’s Version)","Fearless (Taylor's Version)","Taylor Swift","2021-04-09","237580","61","False","pop","Taylor Swift","0.572","0.69","2","-6.201","1","0.0358","0.0474","0","0.0897","0.624","160.111","4"
"spotify:track:0tQ9vBYpldCuikPsbgOVKA","Untouchable (Taylor’s Version)","Fearless (Taylor's Version)","Taylor Swift","2021-04-09","312107","65","False","pop","Taylor Swift","0.393","0.531","5","-6.112","1","0.0329","0.0181","0","0.169","0.224","200.391","4"
"spotify:track:01QdEx6kFr78ZejhQtWR5m","Forever & Always (Piano Version) (Taylor’s Version)","Fearless (Taylor's Version)","Taylor Swift","2021-04-09","267833","60","False","pop","Taylor Swift","0.546","0.273","9","-9.208","1","0.0308","0.819","0","0.137","0.271","118.753","4"
"spotify:track:1n2wszmJyVkw6FHqyLnQsY","Come In With The Rain (Taylor’s Version)","Fearless (Taylor's Version)","Taylor Swift","2021-04-09","237338","58","False","pop","Taylor Swift","0.476","0.564","2","-5.677","1","0.0269","0.0406","0","0.102","0.167","143.929","4"
"spotify:track:51A8eKvvZz9uydvIZ7xRSV","Superstar (Taylor’s Version)","Fearless (Taylor's Version)","Taylor Swift","2021-04-09","263865","57","False","pop","Taylor Swift","0.454","0.555","2","-6.69","1","0.0283","0.157","0","0.343","0.171","171.862","4"
"spotify:track:1cSFlSBdpT4F5vb1frQ231","The Other Side Of The Door (Taylor’s Version)","Fearless (Taylor's Version)","Taylor Swift","2021-04-09","238443","63","False","pop","Taylor Swift","0.432","0.873","4","-4.367","1","0.0577","0.0279","0","0.167","0.629","163.936","4"
"spotify:track:2JoJrsEV15OzbijS47lids","Today Was A Fairytale (Taylor’s Version)","Fearless (Taylor's Version)","Taylor Swift","2021-04-09","241822","61","False","pop","Taylor Swift","0.482","0.779","7","-5.025","1","0.0409","0.0135","0","0.296","0.328","158.162","4"
"spotify:track:4CHpVfAhuxNJ3ibExe6kxO","You All Over Me (feat. Maren Morris) (Taylor’s Version) (From The Vault)","Fearless (Taylor's Version)","Taylor Swift;Maren Morris","2021-04-09","220839","59","False","country","Taylor Swift","0.599","0.494","2","-7.61","1","0.0372","0.816","0","0.101","0.44","142.893","4"
"spotify:track:2CYVETnhM9aytqrazYYwrK","Mr. Perfectly Fine (Taylor’s Version) (From The Vault)","Fearless (Taylor's Version)","Taylor Swift","2021-04-09","277591","70","False","pop","Taylor Swift","0.66","0.817","11","-6.269","0","0.0521","0.162","0","0.0667","0.714","135.942","4"
"spotify:track:4uuEGH5SVuzkkSFjo2DEiY","Don’t You (Taylor’s Version) (From The Vault)","Fearless (Taylor's Version)","Taylor Swift","2021-04-09","208608","61","False","pop","Taylor Swift","0.563","0.473","3","-11.548","1","0.0503","0.514","1.2E-5","0.109","0.405","101.934","4"
"spotify:track:34V9RiEPe8MNdU32qJsJa1","We Were Happy (Taylor’s Version) (From The Vault)","Fearless (Taylor's Version)","Taylor Swift","2021-04-09","244236","58","False","pop","Taylor Swift","0.609","0.373","0","-8.819","1","0.0263","0.849","0","0.0779","0.13","106.007","4"
"spotify:track:7eResoqEJJAVTkQYSqvO3P","That’s When (feat. Keith Urban) (Taylor’s Version) (From The Vault)","Fearless (Taylor's Version)","Taylor Swift;Keith Urban","2021-04-09","189495","61","False","country","Taylor Swift","0.588","0.608","5","-7.062","1","0.0365","0.225","0","0.092","0.508","90.201","4"
"spotify:track:4qUijfYU8EoIWiY6oSyrgT","Bye Bye Baby (Taylor’s Version) (From The Vault)","Fearless (Taylor's Version)","Taylor Swift","2021-04-09","242157","58","False","pop","Taylor Swift","0.624","0.624","5","-7.86","1","0.0539","0.334","0","0.0995","0.527","80.132","4"
"spotify:track:0kAZ3H6G9Zac4PMpmobMkj","If This Was A Movie (Taylor’s Version)","If This Was A Movie (Taylor’s Version)","Taylor Swift","2021-04-09","237022","64","False","pop","Taylor Swift","0.471","0.699","4","-3.745","1","0.028","0.0997","0","0.229","0.234","147.82","4"
"spotify:track:7G0gBu6nLdhFDPRLc0HdDG","Mine (Taylor's Version)","Speak Now (Taylor's Version)","Taylor Swift","2023-07-07","231706","71","False","pop","Taylor Swift","0.647","0.793","7","-2.903","1","0.0363","0.00314","1.93E-6","0.174","0.5","121.101","4"
"spotify:track:3MytWN8L7shNYzGl4tAKRp","Sparks Fly (Taylor’s Version)","Speak Now (Taylor's Version)","Taylor Swift","2023-07-07","261230","68","False","pop","Taylor Swift","0.605","0.769","5","-2.413","1","0.032","0.0241","0","0.0936","0.366","114.921","4"
"spotify:track:79uDOz0zuuWS7HWxzMmTa2","Back To December (Taylor's Version)","Speak Now (Taylor's Version)","Taylor Swift","2023-07-07","294189","72","False","pop","Taylor Swift","0.486","0.635","2","-3.994","1","0.0278","0.00705","0","0.119","0.235","141.868","4"
"spotify:track:5xXqyjLicvEpch72qEryFT","Speak Now (Taylor's Version)","Speak Now (Taylor's Version)","Taylor Swift","2023-07-07","242473","66","False","pop","Taylor Swift","0.734","0.686","7","-2.926","1","0.0349","0.225","0","0.136","0.598","119.002","4"
"spotify:track:1zU8j1x3yi9xalMF96pzKp","Dear John (Taylor's Version)","Speak Now (Taylor's Version)","Taylor Swift","2023-07-07","405906","65","False","pop","Taylor Swift","0.379","0.468","4","-5.07","1","0.0298","0.0327","0","0.158","0.115","119.447","3"
"spotify:track:30Y4CV7A6YqtQtTTo7Ue4j","Mean (Taylor's Version)","Speak Now (Taylor's Version)","Taylor Swift","2023-07-07","238693","65","False","pop","Taylor Swift","0.526","0.7","4","-3.95","1","0.0392","0.321","0","0.213","0.596","163.949","4"
"spotify:track:6dTA6y0C2ReQklntzZl8l3","The Story Of Us (Taylor's Version)","Speak Now (Taylor's Version)","Taylor Swift","2023-07-07","267653","67","False","pop","Taylor Swift","0.516","0.784","4","-2.636","1","0.0563","0.00136","0","0.0499","0.552","139.787","4"
"spotify:track:2EFZ9emtKWEglWUQGEQ3P9","Never Grow Up (Taylor's Version)","Speak Now (Taylor's Version)","Taylor Swift","2023-07-07","292920","65","False","pop","Taylor Swift","0.684","0.339","2","-7.259","1","0.029","0.867","0","0.194","0.572","125.054","4"
"spotify:track:3sW3oSbzsfecv9XoUdGs7h","Enchanted (Taylor's Version)","Speak Now (Taylor's Version)","Taylor Swift","2023-07-07","353253","79","False","pop","Taylor Swift","0.52","0.553","8","-3.546","1","0.0269","0.016","0","0.165","0.227","81.949","4"
"spotify:track:0NwGC0v03ysCYINtg6ns58","Better Than Revenge (Taylor's Version)","Speak Now (Taylor's Version)","Taylor Swift","2023-07-07","220306","67","False","pop","Taylor Swift","0.505","0.893","11","-3.013","0","0.0771","0.000795","0","0.178","0.659","145.913","4"
"spotify:track:12nBPF4Rh4XLFJV0YLN7uj","Innocent (Taylor's Version)","Speak Now (Taylor's Version)","Taylor Swift","2023-07-07","301221","61","False","pop","Taylor Swift","0.524","0.611","1","-5.298","0","0.0297","0.0972","0","0.127","0.126","133.583","4"
"spotify:track:4tMzIAFTFdqGBQLdfbPces","Haunted (Taylor's Version)","Speak Now (Taylor's Version)","Taylor Swift","2023-07-07","245413","66","False","pop","Taylor Swift","0.44","0.916","5","-1.927","1","0.0629","0.00552","0","0.252","0.371","162.025","4"
"spotify:track:59KOoHFcw5XfICnO57holu","Last Kiss (Taylor's Version)","Speak Now (Taylor's Version)","Taylor Swift","2023-07-07","369120","68","False","pop","Taylor Swift","0.557","0.362","10","-8.641","1","0.0263","0.443","3.57E-6","0.1","0.187","79.573","3"
"spotify:track:4hqJ4bSlYJOXb6Z4SRmzxs","Long Live (Taylor's Version)","Speak Now (Taylor's Version)","Taylor Swift","2023-07-07","317960","71","False","pop","Taylor Swift","0.38","0.628","0","-4.054","1","0.038","0.0162","0","0.227","0.0984","203.826","4"
"spotify:track:3yNJkriPzWjkkDAWHIAVUq","Ours (Taylor’s Version)","Speak Now (Taylor's Version)","Taylor Swift","2023-07-07","235803","62","False","pop","Taylor Swift","0.539","0.475","0","-8.411","1","0.0287","0.42","0","0.109","0.293","159.824","4"
"spotify:track:4evLyY5Ue1Wesc61t2KXAU","Superman (Taylor’s Version)","Speak Now (Taylor's Version)","Taylor Swift","2023-07-07","274945","60","False","pop","Taylor Swift","0.537","0.733","7","-3.506","1","0.0302","0.00207","0","0.11","0.347","131.898","4"
"spotify:track:4e3ZNTAV6PCrdYMUrUlMpQ","Electric Touch (feat. Fall Out Boy) (Taylor’s Version) (From The Vault)","Speak Now (Taylor's Version)","Taylor Swift;Fall Out Boy","2023-07-07","266466","65","False","rock, pop","Taylor Swift","0.547","0.854","7","-4.753","1","0.0526","0.018","0","0.156","0.26","131.068","4"
"spotify:track:0zo975x58DlXbZllWvfYhg","When Emma Falls in Love (Taylor’s Version) (From The Vault)","Speak Now (Taylor's Version)","Taylor Swift","2023-07-07","252385","63","False","pop","Taylor Swift","0.524","0.759","2","-4.714","1","0.0471","0.168","0","0.104","0.234","77.879","4"
"spotify:track:5kHMfzgLZP95O9NBy0ku4v","I Can See You (Taylor’s Version) (From The Vault)","Speak Now (Taylor's Version)","Taylor Swift","2023-07-07","273186","71","False","pop","Taylor Swift","0.695","0.768","6","-4.883","1","0.0344","0.0577","0","0.0426","0.813","123.054","4"
"spotify:track:4ABYxlb92WBIjHu7TIKmml","Castles Crumbling (feat. Hayley Williams) (Taylor’s Version) (From The Vault)","Speak Now (Taylor's Version)","Taylor Swift;Hayley Williams","2023-07-07","306062","64","False","pop","Taylor Swift","0.578","0.565","7","-8.064","1","0.0441","0.342","0","0.0662","0.351","147.781","4"
"spotify:track:4s8BIKx4Zh6ryAEz8RTlaU","Foolish One (Taylor’s Version) (From The Vault)","Speak Now (Taylor's Version)","Taylor Swift","2023-07-07","311765","67","False","pop","Taylor Swift","0.672","0.613","7","-4.709","1","0.0298","0.599","0","0.112","0.557","97.041","4"
"spotify:track:1HCdems7PQZRj42QDWLA0A","Timeless (Taylor’s Version) (From The Vault)","Speak Now (Taylor's Version)","Taylor Swift","2023-07-07","321396","66","False","pop","Taylor Swift","0.629","0.578","3","-5.806","1","0.0319","0.332","0","0.0868","0.651","142.887","4"
"spotify:track:2NIBaWXdjaTDmytjjwbEfP","Eyes Open (Taylor's Version)","Eyes Open (Taylor's Version)","Taylor Swift","2021-11-12","243264","55","False","pop","Taylor Swift","0.567","0.762","7","-7.05","1","0.0358","0.000635","0.000565","0.186","0.238","136.982","4"
"spotify:track:2RJnNdu4pb3MypbBroHU0T","Safe & Sound (feat. Joy Williams and John Paul White) (Taylor’s Version)","Safe & Sound (Taylor's Version)","Taylor Swift;Joy Williams;John Paul White","2021-11-12","239668","62","False","pop","Taylor Swift","0.406","0.318","7","-11.052","1","0.0284","0.79","2.88E-6","0.0754","0.278","145.126","4"
"spotify:track:73W5aXorr5vxrySFcoZqIN","Renegade","How Long Do You Think It's Gonna Last?","Big Red Machine;Taylor Swift","2021-08-27","254466","70","True","pop","Jagjaguwar","0.53","0.712","0","-8.135","1","0.0461","0.44","0.0233","0.0931","0.577","167.964","4"
"spotify:track:6N1K5OVVCopBjGViHs2IvP","The Joker And The Queen (feat. Taylor Swift)","The Joker And The Queen (feat. Taylor Swift)","Ed Sheeran;Taylor Swift","2022-02-11","185422","63","False","pop","Atlantic Records UK","0.528","0.309","0","-7.398","1","0.0329","0.924","2.1E-6","0.282","0.307","133.83","4"
"spotify:track:1hR8BSuEqPCCZfv93zzzz9","Welcome To New York (Taylor's Version)","1989 (Taylor's Version)","Taylor Swift","2023-10-26","212600","67","False","pop","Taylor Swift","0.76","0.602","7","-4.871","1","0.0316","0.00661","0.000133","0.325","0.685","116.989","4"
"spotify:track:45wMBGri1PORPjM9PwFfrS","Blank Space (Taylor's Version)","1989 (Taylor's Version)","Taylor Swift","2023-10-26","231833","73","False","pop","Taylor Swift","0.732","0.719","0","-5.469","1","0.0645","0.0901","0","0.331","0.71","96.035","4"
"spotify:track:1hjRhYpWyqDpPahmSlUTlc","Style (Taylor's Version)","1989 (Taylor's Version)","Taylor Swift","2023-10-26","231000","76","False","pop","Taylor Swift","0.514","0.821","7","-4.803","1","0.0444","0.000456","0.0232","0.0946","0.298","94.884","4"
"spotify:track:045ZeOHPIzhxxsm8bq5kyE","Out Of The Woods (Taylor's Version)","1989 (Taylor's Version)","Taylor Swift","2023-10-26","235800","75","False","pop","Taylor Swift","0.544","0.884","7","-5.973","1","0.0383","0.000466","0.000134","0.381","0.184","91.981","4"
"spotify:track:6GXgd1BPD9bUpqw5AntGV5","All You Had To Do Was Stay (Taylor's Version)","1989 (Taylor's Version)","Taylor Swift","2023-10-26","193289","66","False","pop","Taylor Swift","0.589","0.713","0","-5.614","1","0.0308","0.000778","0","0.188","0.54","97.069","4"
"spotify:track:3pv7Q5v2dpdefwdWIvE7yH","Shake It Off (Taylor's Version)","1989 (Taylor's Version)","Taylor Swift","2023-10-26","219209","71","False","pop","Taylor Swift","0.632","0.805","7","-5.707","1","0.069","0.0112","2.51E-5","0.156","0.903","160.052","4"
"spotify:track:43y1WpBdnEy5TR9aZoSQL9","I Wish You Would (Taylor's Version)","1989 (Taylor's Version)","Taylor Swift","2023-10-26","207650","64","False","pop","Taylor Swift","0.671","0.853","0","-6.568","1","0.0417","0.00388","9.48E-6","0.0812","0.523","118.032","4"
"spotify:track:64FzgoLZ3oXu2SriZblHic","Bad Blood (Taylor's Version)","1989 (Taylor's Version)","Taylor Swift","2023-10-26","211103","66","False","pop","Taylor Swift","0.624","0.711","7","-6.347","1","0.159","0.0369","3.13E-6","0.19","0.347","169.999","4"
"spotify:track:1K39ty6o1sHwwlZwO6a7wK","Wildest Dreams (Taylor's Version)","1989 (Taylor's Version)","Taylor Swift","2023-10-26","220433","76","False","pop","Taylor Swift","0.587","0.663","8","-7.439","1","0.0598","0.0348","9.95E-5","0.0971","0.539","139.993","4"
"spotify:track:75W3SngKzTuoQ94uLf3y82","How You Get The Girl (Taylor's Version)","1989 (Taylor's Version)","Taylor Swift","2023-10-26","247533","64","False","pop","Taylor Swift","0.761","0.67","5","-5.956","1","0.0537","0.00198","1.08E-5","0.0873","0.519","120.014","4"
"spotify:track:5QVVjX0ZItqlVpEuVCM9Yg","This Love (Taylor’s Version)","1989 (Taylor's Version)","Taylor Swift","2023-10-26","250100","68","False","pop","Taylor Swift","0.47","0.494","4","-8.672","1","0.0349","0.302","0","0.0672","0.0524","144.039","4"
"spotify:track:2f0GI2ZLUtbGqFx8t2Gk6A","I Know Places (Taylor's Version)","1989 (Taylor's Version)","Taylor Swift","2023-10-26","195700","63","False","pop","Taylor Swift","0.572","0.807","0","-5.348","1","0.0574","0.0846","0","0.071","0.626","160.015","4"
"spotify:track:2ByBBvpR9b7IynvRmnG7kG","Clean (Taylor's Version)","1989 (Taylor's Version)","Taylor Swift","2023-10-26","271000","69","False","pop","Taylor Swift","0.782","0.379","4","-8.964","1","0.0303","0.297","2.98E-5","0.103","0.267","103.99","4"
"spotify:track:2ve0kuaWUCt4Zx8x4bf1MR","Wonderland (Taylor's Version)","1989 (Taylor's Version)","Taylor Swift","2023-10-26","245566","65","False","pop","Taylor Swift","0.387","0.703","3","-5.956","1","0.0545","0.0105","1.1E-5","0.128","0.32","123.18","5"
"spotify:track:4UwqOWDpdeIDVQDuKT6iza","You Are In Love (Taylor's Version)","1989 (Taylor's Version)","Taylor Swift","2023-10-26","267389","69","False","pop","Taylor Swift","0.554","0.509","2","-9.403","1","0.0455","0.572","2.08E-6","0.113","0.401","85.079","4"
"spotify:track:2vPMoMDXxu9uX1igWZmXSG","New Romantics (Taylor's Version)","1989 (Taylor's Version)","Taylor Swift","2023-10-26","230177","69","False","pop","Taylor Swift","0.653","0.848","5","-5.936","1","0.0583","0.00516","4.24E-6","0.0798","0.724","122.017","4"
"spotify:track:71BqAINEnezjQfxE4VuJfq","""Slut!"" (Taylor's Version) (From The Vault)","1989 (Taylor's Version)","Taylor Swift","2023-10-26","180381","74","False","pop","Taylor Swift","0.621","0.415","2","-13.187","1","0.0543","0.33","0.000112","0.0634","0.313","77.978","4"
"spotify:track:4NioO5R9sHEZh4cGzMHyNt","Say Don't Go (Taylor's Version) (From The Vault)","1989 (Taylor's Version)","Taylor Swift","2023-10-26","279833","69","False","pop","Taylor Swift","0.632","0.539","4","-8.375","1","0.0342","0.0684","5.82E-6","0.132","0.186","109.962","4"
"spotify:track:5KD6AEm19QnMbfWpfoOHMl","Now That We Don't Talk (Taylor's Version) (From The Vault)","1989 (Taylor's Version)","Taylor Swift","2023-10-26","146436","72","False","pop","Taylor Swift","0.8","0.509","0","-9.386","1","0.034","0.16","3.05E-5","0.0834","0.0768","109.994","4"
"spotify:track:6T0sEnqjmHISIKwFETeeiP","Suburban Legends (Taylor's Version) (From The Vault)","1989 (Taylor's Version)","Taylor Swift","2023-10-26","171818","63","False","pop","Taylor Swift","0.695","0.607","0","-8.84","1","0.0357","0.212","0","0.102","0.394","118.043","4"
"spotify:track:1Iq8oo9XkmmvCQiGOfORiz","Is It Over Now? (Taylor's Version) (From The Vault)","1989 (Taylor's Version)","Taylor Swift","2023-10-26","229477","73","False","pop","Taylor Swift","0.599","0.651","0","-7.343","1","0.035","0.0486","0","0.126","0.153","100.001","4"
"spotify:track:6qAcApH8obo8eqatCKUHd9","Bad Blood (feat. Kendrick Lamar) (Taylor's Version)","1989 (Taylor's Version) [Deluxe]","Taylor Swift;Kendrick Lamar","2023-10-27","199773","65","False","hip hop, rap","Taylor Swift","0.604","0.644","2","-6.931","1","0.0889","0.0143","0","0.237","0.197","170.088","4"
"spotify:track:6xsEAm6w9oMQYYg3jkEkMT","Bad Blood","Bad Blood","Taylor Swift;Kendrick Lamar","2015-05-17","200106","68","False","hip hop, rap","Taylor Swift","0.654","0.655","11","-7.388","0","0.106","0.0294","0","0.139","0.221","170.16","4"
"spotify:track:2yLa0QULdQr0qAIvVwN6B5","...Ready For It?","reputation","Taylor Swift","2017-11-10","208186","80","False","pop","Taylor Swift","0.613","0.764","2","-6.509","1","0.136","0.0527","0","0.197","0.417","160.015","4"
"spotify:track:2x0WlnmfG39ZuDmstl9xfX","End Game","reputation","Taylor Swift;Ed Sheeran;Future","2017-11-10","244826","75","False","pop, rap","Taylor Swift","0.649","0.589","2","-6.237","1","0.0558","0.00845","0","0.108","0.151","159.073","4"
"spotify:track:4svZDCRz4cJoneBpjpx8DJ","I Did Something Bad","reputation","Taylor Swift","2017-11-10","238253","75","False","pop","Taylor Swift","0.696","0.602","0","-6.156","0","0.159","0.0679","2.11E-5","0.0696","0.305","82.989","4"
"spotify:track:1R0a2iXumgCiFb7HEZ7gUE","Don’t Blame Me","reputation","Taylor Swift","2017-11-10","236413","83","False","pop","Taylor Swift","0.615","0.534","9","-6.719","0","0.0386","0.106","1.76E-5","0.0607","0.193","135.917","4"
"spotify:track:6NFyWDv5CjfwuzoCkw47Xf","Delicate","reputation","Taylor Swift","2017-11-10","232253","82","False","pop","Taylor Swift","0.75","0.404","9","-10.178","0","0.0682","0.216","0.000357","0.0911","0.0499","95.045","4"
"spotify:track:1P17dC1amhFzptugyAO7Il","Look What You Made Me Do","reputation","Taylor Swift","2017-11-10","211853","79","False","pop","Taylor Swift","0.766","0.709","9","-6.471","0","0.123","0.204","1.41E-5","0.126","0.506","128.07","4"
"spotify:track:5PxFv9yJEg9dxvbZggykro","So It Goes...","reputation","Taylor Swift","2017-11-10","227906","68","False","pop","Taylor Swift","0.574","0.61","2","-7.283","1","0.0732","0.122","1.1E-6","0.13","0.374","74.957","4"
"spotify:track:1ZY1PqizIl78geGM4xWlEA","Gorgeous","reputation","Taylor Swift","2017-11-10","209680","75","False","pop","Taylor Swift","0.8","0.535","7","-6.684","1","0.135","0.0713","9.48E-6","0.213","0.451","92.027","4"
"spotify:track:0VE4kBnHJUgtMf0dy6DRmW","Getaway Car","reputation","Taylor Swift","2017-11-10","233626","80","False","pop","Taylor Swift","0.562","0.689","2","-6.745","1","0.127","0.00465","2.23E-6","0.0888","0.351","172.054","4"
"spotify:track:7HuBDWi18s4aJM8UFnNheH","King Of My Heart","reputation","Taylor Swift","2017-11-10","214320","73","False","pop","Taylor Swift","0.675","0.703","0","-7.902","1","0.0382","0.00882","2.21E-6","0.0391","0.314","110.01","4"
"spotify:track:7I7JbDv63ZJJsSi24DyJrz","Dancing With Our Hands Tied","reputation","Taylor Swift","2017-11-10","211506","71","False","pop","Taylor Swift","0.624","0.691","0","-6.686","0","0.196","0.0604","1.1E-5","0.138","0.284","160.024","4"
"spotify:track:6oVxXO5oQ4pTpO8RSnkzvv","Dress","reputation","Taylor Swift","2017-11-10","230373","82","False","pop","Taylor Swift","0.719","0.469","0","-8.792","1","0.0533","0.0329","0","0.169","0.0851","120.085","4"
"spotify:track:07NxDD1iKCHbAldceD7QLP","This Is Why We Can't Have Nice Things","reputation","Taylor Swift","2017-11-10","207133","68","False","pop","Taylor Swift","0.567","0.789","5","-5.986","1","0.115","0.0156","0","0.382","0.438","163.96","4"
"spotify:track:1GwMQaZz6Au3QLDbjbMdme","Call It What You Want","reputation","Taylor Swift","2017-11-10","203506","78","False","pop","Taylor Swift","0.598","0.504","9","-9.874","1","0.0731","0.186","0.000221","0.34","0.252","163.954","4"
"spotify:track:7F5oktn5YOsR9eR5YsFtqb","New Year’s Day","reputation","Taylor Swift","2017-11-10","235466","70","False","pop","Taylor Swift","0.661","0.151","0","-12.864","1","0.0354","0.921","0","0.13","0.23","94.922","4"
"spotify:track:4P9Q0GojKVXpRTJCaL3kyy","All Of The Girls You Loved Before","All Of The Girls You Loved Before","Taylor Swift","2019-08-23","221407","72","False","pop","Taylor Swift","0.729","0.467","2","-9.682","1","0.0419","0.71","4.53E-5","0.129","0.401","96.042","3"
"spotify:track:2slqvGLwzZZYsT4K4Y1GBC","Only The Young - Featured in Miss Americana","Only The Young (Featured in Miss Americana)","Taylor Swift","2020-01-31","157507","59","False","pop","Taylor Swift","0.56","0.78","5","-4.895","0","0.0517","0.00244","0","0.0714","0.602","93.516","4"
"spotify:track:4pfrrhvplbJZAIsfosGWQP","the 1","folklore (deluxe version)","Taylor Swift","2020-08-18","210240","67","True","pop","Taylor Swift","0.78","0.361","0","-6.942","1","0.048","0.75","7.14E-6","0.108","0.163","139.902","4"
"spotify:track:0KRYCBwIpWYFNrXOmXbyUh","cardigan","folklore (deluxe version)","Taylor Swift","2020-08-18","239560","68","False","pop","Taylor Swift","0.612","0.58","0","-8.572","0","0.0419","0.525","0.000414","0.26","0.534","130.045","4"
"spotify:track:2olxzvoFI9IpxqFeUv7WOX","the last great american dynasty","folklore (deluxe version)","Taylor Swift","2020-08-18","231000","65","True","pop","Taylor Swift","0.688","0.653","7","-8.558","1","0.0403","0.481","0.00414","0.106","0.701","147.991","4"
"spotify:track:5S4aYQAJOwJMAamANWlICO","exile (feat. Bon Iver)","folklore (deluxe version)","Taylor Swift;Bon Iver","2020-08-18","285640","67","False","pop","Taylor Swift","0.31","0.374","6","-8.464","1","0.0275","0.761","2.46E-5","0.11","0.16","75.938","4"
"spotify:track:5P2bHCDM2tsgIaYWsZMhu5","my tears ricochet","folklore (deluxe version)","Taylor Swift","2020-08-18","255893","66","False","pop","Taylor Swift","0.456","0.265","0","-10.663","1","0.0328","0.814","0","0.0679","0.112","129.947","4"
"spotify:track:2I8YAEA1VmCuP1wkJHMpTw","mirrorball","folklore (deluxe version)","Taylor Swift","2020-08-18","208973","65","False","pop","Taylor Swift","0.549","0.417","7","-10.064","1","0.035","0.686","1.9E-6","0.0604","0.347","110.137","4"
"spotify:track:76mOLcXOjOEhyY4mMF1l3r","seven","folklore (deluxe version)","Taylor Swift","2020-08-18","208906","64","False","pop","Taylor Swift","0.602","0.494","4","-10.813","1","0.0277","0.888","2.59E-5","0.0902","0.374","94.955","4"
"spotify:track:6nK2pIKFcRc5frrZKHgsiT","august","folklore (deluxe version)","Taylor Swift","2020-08-18","261920","66","False","pop","Taylor Swift","0.387","0.634","5","-9.222","1","0.0363","0.553","6.93E-5","0.0931","0.42","89.567","4"
"spotify:track:7cm50Lw03k6VvRauJtkyTj","this is me trying","folklore (deluxe version)","Taylor Swift","2020-08-18","195106","66","False","pop","Taylor Swift","0.511","0.478","9","-9.837","1","0.0322","0.312","2.3E-5","0.147","0.408","135.882","4"
"spotify:track:6DrLROM5MG9bxWHeEG5elq","illicit affairs","folklore (deluxe version)","Taylor Swift","2020-08-18","190893","65","False","pop","Taylor Swift","0.529","0.304","10","-10.567","1","0.0356","0.862","0","0.108","0.44","119.58","4"
"spotify:track:2ehRU518I0hYqMGQnk4lDY","invisible string","folklore (deluxe version)","Taylor Swift","2020-08-18","252880","65","False","pop","Taylor Swift","0.651","0.459","4","-11.128","0","0.0507","0.859","6.63E-5","0.105","0.454","83.455","4"
"spotify:track:0RP1kqoSPkVXsKiQNhMKzV","mad woman","folklore (deluxe version)","Taylor Swift","2020-08-18","237266","63","True","pop","Taylor Swift","0.593","0.7","3","-9.016","1","0.0492","0.67","6.77E-6","0.116","0.451","141.898","4"
"spotify:track:1EXa37LpSvi3OQ9UYQ28rD","epiphany","folklore (deluxe version)","Taylor Swift","2020-08-18","289746","62","False","pop","Taylor Swift","0.317","0.254","1","-13.679","1","0.0286","0.727","0.000326","0.0867","0.103","93.933","4"
"spotify:track:3IhtE4fkytdrtEfV34UzkD","betty","folklore (deluxe version)","Taylor Swift","2020-08-18","294520","63","True","pop","Taylor Swift","0.595","0.376","0","-8.767","1","0.0256","0.589","0","0.0989","0.476","95.946","4"
"spotify:track:6JlI8Ay77m4nJvZTHvfT1J","peace","folklore (deluxe version)","Taylor Swift","2020-08-18","234000","63","True","pop","Taylor Swift","0.644","0.284","5","-12.879","1","0.0821","0.916","1.5E-5","0.0909","0.328","150.072","4"
"spotify:track:0YeDG5HnKnG7jpArkzsSPa","hoax","folklore (deluxe version)","Taylor Swift","2020-08-18","220040","62","False","pop","Taylor Swift","0.676","0.178","8","-15.01","1","0.0394","0.964","7.9E-6","0.135","0.404","118.84","4"
"spotify:track:0eFQWVz0qIxDOvhLpZ40P7","the lakes - bonus track","folklore (deluxe version)","Taylor Swift","2020-08-18","211813","66","False","pop","Taylor Swift","0.313","0.258","2","-11.532","1","0.0383","0.842","1.3E-6","0.0948","0.268","179.947","4"
"spotify:track:3Uo7WG0vmLQ07WB4BDwy7D","willow","evermore","Taylor Swift","2020-12-10","214706","69","False","pop","Taylor Swift","0.392","0.579","7","-9.195","1","0.164","0.835","0.00179","0.145","0.549","80.961","4"
"spotify:track:6rap8NpGq8LDcVaJWkKFPn","champagne problems","evermore","Taylor Swift","2020-12-10","244000","57","False","pop","Taylor Swift","0.463","0.248","0","-12.036","1","0.0374","0.92","0","0.113","0.325","171.346","4"
"spotify:track:2ZTKWFG6OtHI3ewy9OGNOY","gold rush","evermore","Taylor Swift","2020-12-10","185320","46","False","pop","Taylor Swift","0.498","0.471","9","-10.406","1","0.0411","0.811","0.113","0.121","0.351","112.018","4"
"spotify:track:4GBkffrtA51p17JH35irGA","‘tis the damn season","evermore","Taylor Swift","2020-12-10","229840","50","False","pop","Taylor Swift","0.575","0.435","5","-8.193","1","0.0311","0.737","5.38E-5","0.105","0.351","145.91","4"
"spotify:track:1t2M7UYoUpmhfZNMBsymJr","tolerate it","evermore","Taylor Swift","2020-12-10","245440","49","False","pop","Taylor Swift","0.373","0.36","9","-10.376","1","0.0387","0.878","1.54E-5","0.079","0.212","147.442","5"
"spotify:track:6NriykdkRrjQMZo1sfVYUo","no body, no crime (feat. HAIM)","evermore","Taylor Swift;HAIM","2020-12-10","215626","57","False","pop","Taylor Swift","0.547","0.613","7","-7.577","0","0.0264","0.431","0","0.102","0.528","79.011","4"
"spotify:track:0EFdoyXHpRHhEmsOlQhIXO","happiness","evermore","Taylor Swift","2020-12-10","315146","45","False","pop","Taylor Swift","0.558","0.331","11","-10.649","1","0.0381","0.861","0","0.113","0.201","122.035","4"
"spotify:track:3w9VRlKPvNxj40RdUGRweH","dorothea","evermore","Taylor Swift","2020-12-10","225880","58","False","pop","Taylor Swift","0.607","0.488","4","-8.329","1","0.0264","0.694","0","0.129","0.361","119.953","4"
"spotify:track:4tyX1rw9X309WkEdh2As4B","coney island (feat. The National)","evermore","Taylor Swift;The National","2020-12-10","275320","55","False","indie, rock","Taylor Swift","0.529","0.536","8","-11.269","1","0.0627","0.826","0.00082","0.141","0.304","107.873","4"
"spotify:track:7tXMHAFEOzcUaUQqovRGho","ivy","evermore","Taylor Swift","2020-12-10","260440","48","False","pop","Taylor Swift","0.329","0.547","2","-9.514","1","0.0397","0.848","1.11E-5","0.088","0.522","86.629","4"
"spotify:track:3qy4znWySY3rwzS2vHDOeg","cowboy like me","evermore","Taylor Swift","2020-12-10","275040","48","False","pop","Taylor Swift","0.605","0.513","0","-8.962","1","0.0337","0.774","0.000177","0.123","0.512","127.986","4"
"spotify:track:0vVMlbdYx2080Oa9FndPZr","long story short","evermore","Taylor Swift","2020-12-10","215920","59","False","pop","Taylor Swift","0.546","0.732","0","-7.715","1","0.0423","0.674","0.184","0.0972","0.571","157.893","4"
"spotify:track:7vBNFh3NIZTj6tB5s1IBjE","marjorie","evermore","Taylor Swift","2020-12-10","257773","64","False","pop","Taylor Swift","0.535","0.562","5","-11.615","1","0.0479","0.878","0.000132","0.114","0.294","96.103","4"
"spotify:track:3uayvzcbqFydIbgUeC6EJh","closure","evermore","Taylor Swift","2020-12-10","180653","51","False","pop","Taylor Swift","0.686","0.705","9","-10.823","1","0.249","0.832","4.55E-6","0.134","0.919","151.868","5"
"spotify:track:0AaV4MJrgmLV3XhoiWXjjb","evermore (feat. Bon Iver)","evermore","Taylor Swift;Bon Iver","2020-12-10","304106","64","False","pop","Taylor Swift","0.395","0.27","1","-10.672","1","0.0309","0.937","0.00249","0.111","0.314","120.94","5"
"spotify:track:3zwMVvkBe2qIKDObWgXw4N","right where you left me - bonus track","evermore (deluxe version)","Taylor Swift","2021-01-07","245026","76","False","pop","TS/Republic","0.581","0.619","10","-6.524","1","0.0282","0.769","0.000106","0.117","0.645","137.915","4"
"spotify:track:1kdWw77ZpYOkhxeuhzU1j6","it’s time to go - bonus track","evermore (deluxe version)","Taylor Swift","2021-01-07","254640","65","False","pop","TS/Republic","0.592","0.41","0","-12.426","1","0.0397","0.801","1.39E-5","0.09","0.416","151.923","4"
"spotify:track:5jQI2r1RdgtuT8S3iG8zFC","Lavender Haze","Midnights","Taylor Swift","2022-10-21","202395","73","True","pop","Taylor Swift","0.735","0.449","7","-10.56","0","0.0883","0.23","0.00126","0.132","0.0955","97.05","4"
"spotify:track:3eX0NZfLtGzoLUxPNvRfqm","Maroon","Midnights","Taylor Swift","2022-10-21","218270","72","True","pop","Taylor Swift","0.655","0.384","7","-8.29","1","0.0349","0.0634","1.45E-6","0.0973","0.0384","108.058","4"
"spotify:track:0V3wPSX9ygBnCm8psDIegu","Anti-Hero","Midnights","Taylor Swift","2022-10-21","200690","81","False","pop","Taylor Swift","0.633","0.648","4","-6.645","1","0.062","0.121","2.62E-6","0.161","0.49","96.888","4"
"spotify:track:1wtOxkiel43cVs0Yux5Q4h","Snow On The Beach (feat. Lana Del Rey)","Midnights","Taylor Swift;Lana Del Rey","2022-10-21","256124","68","True","pop","Taylor Swift","0.663","0.321","9","-13.527","1","0.0409","0.701","0.000598","0.107","0.153","110.021","4"
"spotify:track:4D7BCuvgdJlYvlX5WlN54t","You're On Your Own, Kid","Midnights","Taylor Swift","2022-10-21","194206","78","False","pop","Taylor Swift","0.696","0.39","2","-10.331","1","0.0616","0.447","1.55E-5","0.125","0.395","120.032","4"
"spotify:track:3rWDp9tBPQR9z6U5YyRSK4","Midnight Rain","Midnights","Taylor Swift","2022-10-21","174782","75","False","pop","Taylor Swift","0.604","0.375","0","-11.637","1","0.0633","0.71","5.87E-5","0.116","0.203","137.651","4"
"spotify:track:0heeNYlwOGuUSe7TgUD27B","Question...?","Midnights","Taylor Swift","2022-10-21","210556","64","True","pop","Taylor Swift","0.654","0.51","7","-8.767","1","0.242","0.206","0","0.249","0.105","108.874","4"
"spotify:track:1xwAWUI6Dj0WGC3KiUPN0O","Vigilante Shit","Midnights","Taylor Swift","2022-10-21","164801","69","True","pop","Taylor Swift","0.872","0.267","4","-10.764","0","0.387","0.166","2.18E-5","0.123","0.168","79.964","4"
"spotify:track:3qoftcUZaUOncvIYjFSPdE","Bejeweled","Midnights","Taylor Swift","2022-10-21","194165","73","False","pop","Taylor Swift","0.687","0.551","7","-9.202","1","0.0787","0.0593","0.000143","0.09","0.443","163.994","4"
"spotify:track:0A1JLUlkZkp2EFrosoNQi0","Labyrinth","Midnights","Taylor Swift","2022-10-21","247962","73","False","pop","Taylor Swift","0.48","0.295","0","-15.512","1","0.0384","0.797","0.333","0.12","0.132","110.018","4"
"spotify:track:7KokYm8cMIXCsGVmUvKtqf","Karma","Midnights","Taylor Swift","2022-10-21","204852","76","True","pop","Taylor Swift","0.64","0.619","8","-7.108","1","0.065","0.062","0","0.475","0.121","90.008","4"
"spotify:track:0wavGRldH0AWyu2zvTz8zb","Sweet Nothing","Midnights","Taylor Swift","2022-10-21","188496","68","False","pop","Taylor Swift","0.336","0.161","0","-14.973","1","0.0456","0.968","0.00011","0.115","0.407","176.48","4"
"spotify:track:7FmYn9e7KHMXcxqGSj9LjH","Mastermind","Midnights","Taylor Swift","2022-10-21","191039","69","False","pop","Taylor Swift","0.66","0.343","4","-14.132","1","0.14","0.565","0.00134","0.0922","0.137","125.96","4"
"spotify:track:3UMrglJeju5yWyYIW6o99b","The Great War","Midnights (3am Edition)","Taylor Swift","2022-10-22","240355","67","False","pop","Taylor Swift","0.57","0.747","5","-8.93","1","0.0342","0.199","2.32E-5","0.0854","0.574","96.016","4"
"spotify:track:0BiqmkasE5FdrChwKfVp8X","Bigger Than The Whole Sky","Midnights (3am Edition)","Taylor Swift","2022-10-22","218502","65","False","pop","Taylor Swift","0.42","0.22","6","-12.584","1","0.0472","0.841","0.00131","0.114","0.0705","165.564","4"
"spotify:track:7712gjoih4QoDbXpljEk21","Paris","Midnights (3am Edition)","Taylor Swift","2022-10-22","196258","63","False","pop","Taylor Swift","0.703","0.518","7","-10.501","1","0.085","0.103","2.89E-5","0.148","0.347","110.94","4"
"spotify:track:5kiZGSxgqPdv6rbqL9THdd","High Infidelity","Midnights (3am Edition)","Taylor Swift","2022-10-22","231475","63","False","pop","Taylor Swift","0.571","0.547","10","-10.141","1","0.101","0.704","0","0.0877","0.768","175.933","4"
"spotify:track:6wAFvJPpTZVirBKGZ4EnMW","Glitch","Midnights (3am Edition)","Taylor Swift","2022-10-22","148781","59","False","pop","Taylor Swift","0.677","0.47","11","-9.65","0","0.259","0.314","0","0.11","0.347","140.881","4"
"spotify:track:0aV5uARAknQgYhBaK944FP","Would've, Could've, Should've","Midnights (3am Edition)","Taylor Swift","2022-10-22","260361","66","False","pop","Taylor Swift","0.485","0.846","0","-6.557","1","0.117","0.393","0.00115","0.124","0.548","157.918","4"
"spotify:track:3QF5RsWzK1lCvf2o2cY65P","Dear Reader","Midnights (3am Edition)","Taylor Swift","2022-10-22","225194","62","False","pop","Taylor Swift","0.674","0.39","0","-11.944","1","0.0483","0.464","0.00122","0.116","0.151","107.891","4"
"spotify:track:3xYJScVfxByb61dYHTwiby","Hits Different","Midnights (The Til Dawn Edition)","Taylor Swift","2023-05-26","234466","72","True","pop","Taylor Swift","0.666","0.786","5","-6.556","1","0.0439","0.134","3.34E-6","0.265","0.261","106.02","4"
"spotify:track:4zmKGsrXjLmljb5fTaBTot","Snow On The Beach (feat. More Lana Del Rey)","Midnights (The Til Dawn Edition)","Taylor Swift;Lana Del Rey","2023-05-26","229942","72","True","pop","Taylor Swift","0.664","0.399","6","-10.997","0","0.0349","0.797","3.13E-6","0.105","0.265","109.937","4"
"spotify:track:4i6cwNY6oIUU2XZxPIw82Y","Karma (feat. Ice Spice)","Midnights (The Til Dawn Edition)","Taylor Swift;Ice Spice","2023-05-26","201493","61","True","pop","Taylor Swift","0.615","0.626","8","-6.548","1","0.0778","0.0574","0","0.596","0.0705","89.984","4"
"spotify:track:3CWq0pAKKTWb0K4yiglDc4","You’re Losing Me (From The Vault)","You're Losing Me (From The Vault)","Taylor Swift","2023-11-29","277831","75","False","pop","Taylor Swift","0.744","0.396","0","-13.712","1","0.057","0.509","0.00319","0.121","0.18","102.969","4"
"spotify:track:6dODwocEuGzHAavXqTbwHv","Fortnight (feat. Post Malone)","THE TORTURED POETS DEPARTMENT: THE ANTHOLOGY","Taylor Swift;Post Malone","2024-04-19","228965","74","False","pop","Taylor Swift","0.504","0.386","11","-10.976","1","0.0308","0.502","1.53E-5","0.0961","0.281","192.004","4"
"spotify:track:4PdLaGZubp4lghChqp8erB","The Tortured Poets Department","THE TORTURED POETS DEPARTMENT: THE ANTHOLOGY","Taylor Swift","2024-04-19","293048","72","True","pop","Taylor Swift","0.604","0.428","0","-8.441","1","0.0255","0.0483","0","0.126","0.292","110.259","4"
"spotify:track:7uGYWMwRy24dm7RUDDhUlD","My Boy Only Breaks His Favorite Toys","THE TORTURED POETS DEPARTMENT: THE ANTHOLOGY","Taylor Swift","2024-04-19","203801","73","False","pop","Taylor Swift","0.596","0.563","0","-7.362","1","0.0269","0.137","0","0.302","0.481","97.073","4"
"spotify:track:1kbEbBdEgQdQeLXCJh28pJ","Down Bad","THE TORTURED POETS DEPARTMENT: THE ANTHOLOGY","Taylor Swift","2024-04-19","261228","74","True","pop","Taylor Swift","0.541","0.366","11","-10.412","1","0.0748","0.56","1.0E-6","0.0946","0.168","159.707","4"
"spotify:track:7wAkQFShJ27V8362MqevQr","So Long, London","THE TORTURED POETS DEPARTMENT: THE ANTHOLOGY","Taylor Swift","2024-04-19","262974","73","False","pop","Taylor Swift","0.423","0.533","9","-11.388","1","0.322","0.73","0.00264","0.0816","0.248","160.218","4"
"spotify:track:4QMgEffJQuKtjCNvqfRZ0m","But Daddy I Love Him","THE TORTURED POETS DEPARTMENT: THE ANTHOLOGY","Taylor Swift","2024-04-19","340428","72","True","pop","Taylor Swift","0.521","0.72","4","-7.684","1","0.104","0.384","0","0.135","0.438","79.943","4"
"spotify:track:7IWcDWOfiooH5hRs9XOVYz","Fresh Out The Slammer","THE TORTURED POETS DEPARTMENT: THE ANTHOLOGY","Taylor Swift","2024-04-19","210789","71","False","pop","Taylor Swift","0.33","0.483","9","-9.394","1","0.0399","0.624","0","0.111","0.34","87.115","4"
"spotify:track:5ExOm0dh4NyRyAdSAO9hyM","Florida!!! (feat. Florence + The Machine)","THE TORTURED POETS DEPARTMENT: THE ANTHOLOGY","Taylor Swift;Florence + The Machine","2024-04-19","215463","71","True","pop","Taylor Swift","0.533","0.573","0","-7.123","1","0.138","0.178","0","0.309","0.398","150.088","4"
"spotify:track:799KrpEbhZp0MHeiA8YK9P","Guilty as Sin?","THE TORTURED POETS DEPARTMENT: THE ANTHOLOGY","Taylor Swift","2024-04-19","254365","76","False","pop","Taylor Swift","0.626","0.428","2","-8.374","1","0.0261","0.607","0","0.0921","0.487","94.95","3"
"spotify:track:2d8UxVNhJinc8uat9PoM9y","Who’s Afraid of Little Old Me?","THE TORTURED POETS DEPARTMENT: THE ANTHOLOGY","Taylor Swift","2024-04-19","334084","72","False","pop","Taylor Swift","0.606","0.338","0","-10.555","1","0.048","0.315","0","0.106","0.238","119.88","4"
"spotify:track:5chnRTB9qMK3W1M41SnU9s","I Can Fix Him (No Really I Can)","THE TORTURED POETS DEPARTMENT: THE ANTHOLOGY","Taylor Swift","2024-04-19","156297","69","False","pop","Taylor Swift","0.661","0.257","6","-13.961","0","0.045","0.768","1.72E-6","0.176","0.318","106.896","4"
"spotify:track:3YkNIrAvbKNrrwwEd7NVLl","loml","THE TORTURED POETS DEPARTMENT: THE ANTHOLOGY","Taylor Swift","2024-04-19","277156","75","True","pop","Taylor Swift","0.423","0.272","0","-12.56","1","0.0489","0.858","0","0.108","0.195","78.539","3"
"spotify:track:2fPvQfGQEZOKtJ9qXeL4x8","I Can Do It With a Broken Heart","THE TORTURED POETS DEPARTMENT: THE ANTHOLOGY","Taylor Swift","2024-04-19","218004","73","True","pop","Taylor Swift","0.701","0.751","0","-8.39","1","0.0502","0.123","0","0.15","0.22","129.994","4"
"spotify:track:1xtw1krCR6Dw2KwkXw5z63","The Smallest Man Who Ever Lived","THE TORTURED POETS DEPARTMENT: THE ANTHOLOGY","Taylor Swift","2024-04-19","245541","73","True","pop","Taylor Swift","0.426","0.41","10","-9.083","1","0.0581","0.52","0","0.338","0.263","142.377","1"
"spotify:track:1tuNqJOtRQVHvONR8Lg3MZ","The Alchemy","THE TORTURED POETS DEPARTMENT: THE ANTHOLOGY","Taylor Swift","2024-04-19","196900","71","False","pop","Taylor Swift","0.64","0.421","0","-8.802","1","0.0273","0.422","0","0.103","0.353","100.056","4"
"spotify:track:4d9PtIEVij9jW5OaLinH66","Clara Bow","THE TORTURED POETS DEPARTMENT: THE ANTHOLOGY","Taylor Swift","2024-04-19","216662","68","False","pop","Taylor Swift","0.686","0.318","7","-11.046","1","0.0263","0.636","0.00144","0.106","0.214","104.088","4"
"spotify:track:62E2nR0od0M5HYxuYLaDz7","The Black Dog","THE TORTURED POETS DEPARTMENT: THE ANTHOLOGY","Taylor Swift","2024-04-19","238857","73","True","pop","Taylor Swift","0.527","0.27","0","-10.855","1","0.038","0.707","0","0.102","0.23","154.042","4"
"spotify:track:1kcwpPDQnqEqmezzXdJTCP","imgonnagetyouback","THE TORTURED POETS DEPARTMENT: THE ANTHOLOGY","Taylor Swift","2024-04-19","222072","75","False","pop","Taylor Swift","0.784","0.391","9","-9.471","1","0.0633","0.608","0","0.252","0.15","110.007","4"
"spotify:track:4EF6IyONolQy0bIQXm2EmX","The Albatross","THE TORTURED POETS DEPARTMENT: THE ANTHOLOGY","Taylor Swift","2024-04-19","183878","69","False","pop","Taylor Swift","0.352","0.479","2","-8.942","1","0.0583","0.655","0","0.0935","0.292","172.013","4"
"spotify:track:1rmEsOezwf2lmIZTMAO5Ag","Chloe or Sam or Sophia or Marcus","THE TORTURED POETS DEPARTMENT: THE ANTHOLOGY","Taylor Swift","2024-04-19","213281","72","False","pop","Taylor Swift","0.516","0.451","0","-8.552","1","0.0446","0.78","0","0.105","0.218","70.266","4"
"spotify:track:5Bedn0svl0ZD7RGmJkmKKw","How Did It End?","THE TORTURED POETS DEPARTMENT: THE ANTHOLOGY","Taylor Swift","2024-04-19","238706","72","False","pop","Taylor Swift","0.492","0.379","0","-8.859","1","0.0257","0.785","0.00093","0.108","0.273","83.993","3"
"spotify:track:7Mts0OfPorF4iwOomvfqn1","So High School","THE TORTURED POETS DEPARTMENT: THE ANTHOLOGY","Taylor Swift","2024-04-19","228800","75","False","pop","Taylor Swift","0.366","0.866","7","-4.514","1","0.0466","0.0274","3.07E-6","0.106","0.293","176.07","4"
"spotify:track:3hlGuz3loYoLfI3bpwieWq","I Hate It Here","THE TORTURED POETS DEPARTMENT: THE ANTHOLOGY","Taylor Swift","2024-04-19","243875","71","False","pop","Taylor Swift","0.485","0.562","2","-7.197","1","0.0346","0.717","0","0.357","0.297","105.953","4"
"spotify:track:7ogK4lJDVDMU6A6vYR5rvD","thanK you aIMee","THE TORTURED POETS DEPARTMENT: THE ANTHOLOGY","Taylor Swift","2024-04-19","263817","68","True","pop","Taylor Swift","0.609","0.541","7","-8.013","1","0.0346","0.609","0","0.122","0.252","95.997","4"
"spotify:track:1Zai5UJ2di3qEuR2HeT2s8","I Look in People's Windows","THE TORTURED POETS DEPARTMENT: THE ANTHOLOGY","Taylor Swift","2024-04-19","131907","69","False","pop","Taylor Swift","0.763","0.274","1","-11.429","0","0.0738","0.69","0","0.164","0.385","90.796","4"
"spotify:track:18WFFUIsewmA8g31KAeo3e","The Prophecy","THE TORTURED POETS DEPARTMENT: THE ANTHOLOGY","Taylor Swift","2024-04-19","249807","75","False","pop","Taylor Swift","0.421","0.525","10","-10.359","1","0.0472","0.825","2.67E-6","0.308","0.535","167.927","4"
"spotify:track:0g4fMVo4JjwnIpTfFfLdxS","Cassandra","THE TORTURED POETS DEPARTMENT: THE ANTHOLOGY","Taylor Swift","2024-04-19","240205","68","True","pop","Taylor Swift","0.587","0.587","10","-9.879","1","0.0595","0.806","0","0.137","0.514","139.963","4"
"spotify:track:3zMDGj4D8ogaYgAIZPeU7S","Peter","THE TORTURED POETS DEPARTMENT: THE ANTHOLOGY","Taylor Swift","2024-04-19","283957","72","False","pop","Taylor Swift","0.342","0.376","0","-8.212","1","0.0372","0.805","0","0.0593","0.29","176.859","3"
"spotify:track:2913xXOVAIDAqxzV2g4VcU","The Bolter","THE TORTURED POETS DEPARTMENT: THE ANTHOLOGY","Taylor Swift","2024-04-19","238241","72","True","pop","Taylor Swift","0.455","0.586","0","-7.978","1","0.0492","0.638","0","0.131","0.481","183.694","4"
"spotify:track:2CnjDMdpRjlWv04Xk3s6MW","Robin","THE TORTURED POETS DEPARTMENT: THE ANTHOLOGY","Taylor Swift","2024-04-19","240893","67","False","pop","Taylor Swift","0.476","0.386","0","-10.601","1","0.03","0.791","0.000423","0.1","0.158","138.265","4"
"spotify:track:1DTRUYVd8rYpla9hhVVwjo","The Manuscript","THE TORTURED POETS DEPARTMENT: THE ANTHOLOGY","Taylor Swift","2024-04-19","224743","68","False","pop","Taylor Swift","0.509","0.256","0","-11.665","1","0.0306","0.901","2.43E-6","0.103","0.436","94.184","4"
"spotify:track:5uESKziLEmtPh3RSdQi9jz","Larger Than Life","& Juliet (Original London Cast Recording)","Oliver Tompsett;Original London Cast of & Juliet","2019-11-22","130038","44","False","musicales","Atlantic Records","0.656","0.717","10","-7.277","0","0.0356","0.0032","9.33E-6","0.065","0.8","120.012","4"
"spotify:track:63pnehidDfBVrvrNk1MYzD","I Want It That Way","& Juliet (Original London Cast Recording)","Cassidy Janson;Oliver Tompsett;Original London Cast of & Juliet","2019-11-22","103746","39","False","musicales","Atlantic Records","0.44","0.412","4","-8.623","0","0.0368","0.34","0","0.111","0.465","142.227","4"
"spotify:track:6Qoi0Gld6BgBdlmiYskoGL","…Baby One More Time","& Juliet (Original London Cast Recording)","Miriam-Teak Lee","2019-11-22","200219","37","False","musicales","Atlantic Records","0.631","0.472","4","-7.651","0","0.0292","0.156","0","0.112","0.336","87.982","4"
"spotify:track:4FmlGIh8j09tHgNaQysenP","Show Me the Meaning of Being Lonely","& Juliet (Original London Cast Recording)","Kirstie Skivington;Grace Mouat;Danielle Fiamanya;Cassidy Janson;Oliver Tompsett;Original London Cast of & Juliet;Miriam-Teak Lee;Ivan De Freitas;Jocasta Almgill","2019-11-22","123287","36","False","musicales","Atlantic Records","0.356","0.477","0","-7.425","0","0.0286","0.029","0","0.0711","0.483","188.362","4"
"spotify:track:72YUmPOtKfaOhy2JlCiJVn","Domino","& Juliet (Original London Cast Recording)","Cassidy Janson;Miriam-Teak Lee;Arun Blair-Mangat;Melanie La Barrie","2019-11-22","152813","36","False","musicales","Atlantic Records","0.75","0.578","0","-5.694","1","0.0392","0.00542","0","0.0616","0.879","127.917","4"
"spotify:track:5dmZ6wF5uEneZEuKnv6UBK","Show Me Love","& Juliet (Original London Cast Recording)","Miriam-Teak Lee;Cassidy Janson;Arun Blair-Mangat;Melanie La Barrie;Original London Cast of & Juliet","2019-11-22","172286","36","False","musicales","Atlantic Records","0.649","0.639","0","-7.139","1","0.0252","0.00153","0","0.0827","0.684","104.043","4"
"spotify:track:0ttO2yTXShSnTCK3NMaIxs","Blow","& Juliet (Original London Cast Recording)","Miriam-Teak Lee;Cassidy Janson;Melanie La Barrie;Arun Blair-Mangat;Ivan De Freitas;Original London Cast of & Juliet","2019-11-22","179013","37","False","musicales","Atlantic Records","0.726","0.671","11","-7.129","0","0.0508","0.000805","0","0.116","0.737","127.057","4"
"spotify:track:2ktBy6EziX816my1nnKK9B","I'm Not a Girl, Not Yet a Woman","& Juliet (Original London Cast Recording)","Arun Blair-Mangat;Miriam-Teak Lee","2019-11-22","205445","33","False","musicales","Atlantic Records","0.51","0.201","1","-12.149","1","0.0301","0.819","0","0.0952","0.249","83.904","4"
"spotify:track:1cP83e6cE7tz7imZVFR99k","Overprotected","& Juliet (Original London Cast Recording)","Tim Mahendran;Miriam-Teak Lee","2019-11-22","73757","33","False","musicales","Atlantic Records","0.766","0.497","4","-8.297","0","0.11","0.623","0","0.326","0.931","95.095","4"
"spotify:track:7AeC76ymLP01KJE5rbWZL0","Confident","& Juliet (Original London Cast Recording)","Miriam-Teak Lee;Tim Mahendran;Melanie La Barrie;Original London Cast of & Juliet","2019-11-22","200891","40","False","musicales","Atlantic Records","0.649","0.737","1","-6.622","0","0.0462","0.00969","1.5E-6","0.0513","0.269","134.942","4"
"spotify:track:2JELSAbzbj1j2VbbqT7GyM","Teenage Dream / Break Free","& Juliet (Original London Cast Recording)","David Bedella;Melanie La Barrie","2019-11-22","189875","35","False","musicales","Atlantic Records","0.674","0.446","6","-8.733","0","0.137","0.136","0","0.114","0.725","130.414","4"
"spotify:track:2lJYLPfwA0PqslRD2NfPlQ","Oops!...I Did It Again","& Juliet (Original London Cast Recording)","Miriam-Teak Lee;Melanie La Barrie","2019-11-22","112959","35","False","musicales","Atlantic Records","0.752","0.319","4","-8.556","0","0.0416","0.327","0","0.409","0.546","97.935","4"
"spotify:track:6V3IzGogBef071PMutHzq6","I Kissed A Girl","& Juliet (Original London Cast Recording)","Tim Mahendran;Arun Blair-Mangat;Original London Cast of & Juliet","2019-11-22","171368","37","False","musicales","Atlantic Records","0.548","0.609","4","-7.47","0","0.0571","0.0533","0","0.0709","0.349","136.162","4"
"spotify:track:3vmh0EATDTTfLVxzRFwgQt","It's My Life","& Juliet (Original London Cast Recording)","Jordan Luke Gage;Oliver Tompsett;Miriam-Teak Lee;Cassidy Janson;Original London Cast of & Juliet","2019-11-22","240115","40","False","musicales","Atlantic Records","0.621","0.698","11","-7.141","0","0.0397","0.0039","0.000522","0.112","0.458","124.992","4"
"spotify:track:1KlNt1QbbbsNePoTMxnoHo","Love Me Like You Do","& Juliet (Original London Cast Recording)","Jordan Luke Gage","2019-11-22","68466","34","False","musicales","Atlantic Records","0.598","0.383","5","-8.959","1","0.0357","0.468","0","0.107","0.515","93.882","4"
"spotify:track:5o1HqOWxAj2sJORw5yP05m","Since U Been Gone","& Juliet (Original London Cast Recording)","Miriam-Teak Lee;Original London Cast of & Juliet","2019-11-22","158432","35","False","musicales","Atlantic Records","0.671","0.79","0","-6.871","1","0.0325","0.0076","1.64E-6","0.0684","0.674","137.009","4"
"spotify:track:1tuWHKkOzgLlLzeQ5DNAlt","Whataya Want from Me","& Juliet (Original London Cast Recording)","Tim Mahendran;Arun Blair-Mangat","2019-11-22","145502","35","False","musicales","Atlantic Records","0.648","0.68","7","-8.325","0","0.0587","0.0534","0","0.0979","0.419","101.944","4"
"spotify:track:3uMd4rwj0hK7KDDTXLnGLM","One More Try","& Juliet (Original London Cast Recording)","Miriam-Teak Lee;Jordan Luke Gage;Original London Cast of & Juliet","2019-11-22","196418","35","False","musicales","Atlantic Records","0.396","0.548","0","-9.008","1","0.0458","0.122","1.98E-6","0.114","0.259","117.538","4"
"spotify:track:7tFUciZjy3REK27sxt6gat","Problem / Can't Feel My Face","& Juliet (Original London Cast Recording)","Miriam-Teak Lee;Jordan Luke Gage;Original London Cast of & Juliet","2019-11-22","196145","37","False","musicales","Atlantic Records","0.458","0.645","2","-6.355","0","0.133","0.0472","0","0.152","0.342","106.601","4"
"spotify:track:5ReQmOudD43uIwWJ9eLcoF","That's the Way It Is","& Juliet (Original London Cast Recording)","Cassidy Janson;Miriam-Teak Lee","2019-11-22","201247","37","False","musicales","Atlantic Records","0.333","0.305","2","-10.637","1","0.0319","0.629","0","0.131","0.295","169.779","4"
"spotify:track:3rG8axpub0wYJyrXgiXP0E","Everybody","& Juliet (Original London Cast Recording)","Tim Mahendran;Oliver Tompsett;David Bedella;Arun Blair-Mangat;Jordan Luke Gage;Original London Cast of & Juliet","2019-11-22","143703","34","False","musicales","Atlantic Records","0.734","0.836","10","-5.961","0","0.0391","0.0122","0","0.16","0.691","109.985","4"
"spotify:track:4ZMgzWx00u4HoIXTaGccI2","As Long as You Love Me","& Juliet (Original London Cast Recording)","Tim Mahendran","2019-11-22","80232","32","False","musicales","Atlantic Records","0.647","0.221","9","-13.754","1","0.0306","0.804","0","0.241","0.667","95.171","4"
"spotify:track:6SHqoa8SoahGJEeKXIUGXJ","It's Gonna Be Me","& Juliet (Original London Cast Recording)","Tim Mahendran;Arun Blair-Mangat","2019-11-22","42286","31","False","musicales","Atlantic Records","0.649","0.856","0","-6.899","0","0.0675","0.00175","0","0.189","0.625","95.963","4"
"spotify:track:2bP790jU6N6aHT4ioBm3bW","Shape of My Heart","& Juliet (Original London Cast Recording)","David Bedella;Tim Mahendran;Arun Blair-Mangat","2019-11-22","139110","31","False","musicales","Atlantic Records","0.447","0.291","10","-11.661","1","0.0275","0.499","0","0.125","0.229","91.428","4"
"spotify:track:1iXyHtdXK4MbQiJ8HbyT4M","Stronger","& Juliet (Original London Cast Recording)","Miriam-Teak Lee","2019-11-22","108425","33","False","musicales","Atlantic Records","0.539","0.373","6","-8.061","0","0.0284","0.0902","0","0.0973","0.568","104.002","4"
"spotify:track:139HXQo5Z8eAcyqH7B1Z2o","Fuckin' Perfect","& Juliet (Original London Cast Recording)","Melanie La Barrie;Original London Cast of & Juliet","2019-11-22","80007","32","True","musicales","Atlantic Records","0.431","0.224","8","-11.786","1","0.0342","0.803","0","0.34","0.49","99.156","3"
"spotify:track:5HYMDv682Ygf9iYEjI0DpV","Roar","& Juliet (Original London Cast Recording)","Miriam-Teak Lee;Original London Cast of & Juliet","2019-11-22","217148","34","False","musicales","Atlantic Records","0.585","0.688","0","-6.317","0","0.026","0.00163","0","0.153","0.35","90.045","4"
"spotify:track:3WtTKGC7mbeuEVZFVfKGGM","I Want It That Way - Reprise","& Juliet (Original London Cast Recording)","Oliver Tompsett;Cassidy Janson;Miriam-Teak Lee;Jordan Luke Gage;Original London Cast of & Juliet","2019-11-22","156218","33","False","musicales","Atlantic Records","0.51","0.337","6","-9.837","0","0.0287","0.234","0","0.135","0.318","99.84","4"
"spotify:track:5lJuEFaIJ9pbxateYJI55h","CAN'T STOP THE FEELING!","& Juliet (Original London Cast Recording)","Oliver Tompsett;Original London Cast of & Juliet","2019-11-22","115490","33","False","musicales","Atlantic Records","0.694","0.716","9","-6.192","0","0.043","0.11","0","0.0744","0.742","114.051","4"
"spotify:track:6fSYj7FqFFj0KAvDOjIFwr","One More Try","& Juliet (Original London Cast Recording)","Jessie J","2019-11-22","196407","32","False","musicales","Atlantic Records","0.665","0.434","5","-8.142","1","0.0337","0.221","6.15E-6","0.0765","0.363","114.842","4"
"spotify:track:6IbnUaczZBT34DhaD6S18F","Bubblegum Bitch","Electra Heart (Deluxe)","MARINA","2012-04-27","154666","82","True","indie, pop","Atlantic Records UK","0.495","0.856","0","-5.123","0","0.0311","0.000219","0","0.103","0.609","158.024","4"
"spotify:track:4sOX1nhpKwFWPvoMMExi3q","Primadonna","Electra Heart (Deluxe)","MARINA","2012-04-27","221075","82","False","indie, pop","Atlantic Records UK","0.66","0.689","4","-2.671","0","0.0337","0.0884","0","0.0922","0.427","127.98","4"
"spotify:track:64f5bf2jyAkrsucnG9FXot","Lies","Electra Heart (Deluxe)","MARINA","2012-04-27","226200","53","False","indie, pop","Atlantic Records UK","0.561","0.671","7","-5.582","1","0.0338","0.0154","0","0.171","0.278","124.06","4"
"spotify:track:3ale59L81ZYbjj9sm5EIIR","Homewrecker","Electra Heart (Deluxe)","MARINA","2012-04-27","202693","54","False","indie, pop","Atlantic Records UK","0.484","0.756","9","-5.709","0","0.0605","0.00135","1.55E-6","0.168","0.195","132.722","4"
"spotify:track:3sa2RpulxdORgxf1zdfGJ3","Starring Role","Electra Heart (Deluxe)","MARINA","2012-04-27","206986","51","True","indie, pop","Atlantic Records UK","0.529","0.8","1","-4.99","0","0.067","0.122","0","0.0704","0.41","143.992","4"
"spotify:track:1gPmtfOz51efjpH8j79FHO","The State of Dreaming","Electra Heart (Deluxe)","MARINA","2012-04-27","216733","48","False","indie, pop","Atlantic Records UK","0.523","0.73","9","-5.162","0","0.0311","0.000693","1.45E-5","0.0675","0.0833","124.043","4"
"spotify:track:2IPMpbBwyCm2V6azTZgAKj","Power & Control","Electra Heart (Deluxe)","MARINA","2012-04-27","226480","50","False","indie, pop","Atlantic Records UK","0.529","0.9","9","-4.941","0","0.0426","0.00807","0.00128","0.114","0.479","120.026","4"
"spotify:track:4TSmV8D9i5uTXZzqoD5eSu","Living Dead","Electra Heart (Deluxe)","MARINA","2012-04-27","244373","47","False","indie, pop","Atlantic Records UK","0.645","0.901","7","-3.333","1","0.0391","0.00237","0","0.0615","0.397","124.029","4"
"spotify:track:5B8N5rPOmTVVGpuBMK2Vby","Teen Idle","Electra Heart (Deluxe)","MARINA","2012-04-27","254400","67","False","indie, pop","Atlantic Records UK","0.571","0.651","5","-6.26","1","0.0349","0.242","0","0.0938","0.374","121.202","4"
"spotify:track:6vso2EYZ4G8uVAKHvBQr9E","Valley of the Dolls","Electra Heart (Deluxe)","MARINA","2012-04-27","253786","49","False","indie, pop","Atlantic Records UK","0.552","0.669","1","-6.161","1","0.0269","0.000314","0","0.113","0.26","119.98","4"
"spotify:track:6KdqKqC4pEl5EVPTr22eeF","Hypocrates","Electra Heart (Deluxe)","MARINA","2012-04-27","241066","45","False","indie, pop","Atlantic Records UK","0.538","0.577","3","-7.661","1","0.03","0.00404","0","0.169","0.148","114.051","4"
"spotify:track:68UZCAs9VYWlxTx6Zv6KK3","Fear and Loathing","Electra Heart (Deluxe)","MARINA","2012-04-27","367520","45","False","indie, pop","Atlantic Records UK","0.537","0.636","10","-6.494","1","0.031","0.579","2.32E-5","0.129","0.198","100.06","4"
"spotify:track:3ph6xHCshx5N8gLncLxm3O","Radioactive","Electra Heart (Deluxe)","MARINA","2012-04-27","226962","48","False","indie, pop","Atlantic Records UK","0.692","0.774","11","-4.308","0","0.0327","0.00584","0","0.0467","0.621","125.97","4"
"spotify:track:1kOCtxqVbgowO0y417BJ9q","Sex Yeah","Electra Heart (Deluxe)","MARINA","2012-04-27","226560","48","False","indie, pop","Atlantic Records UK","0.588","0.867","10","-3.153","0","0.048","0.000697","0","0.0842","0.526","135.984","4"
"spotify:track:5WPXi7JQsDFEOAFGC8w8JU","Lonely Hearts Club","Electra Heart (Deluxe)","MARINA","2012-04-27","181960","48","False","indie, pop","Atlantic Records UK","0.556","0.755","5","-4.404","0","0.0474","0.0122","0","0.0707","0.451","100.029","4"
"spotify:track:5Pn9UbjXaQ4iATwvn9wopq","Buy the Stars","Electra Heart (Deluxe)","MARINA","2012-04-27","287573","46","False","indie, pop","Atlantic Records UK","0.653","0.271","0","-8.111","1","0.0286","0.952","2.44E-6","0.0937","0.257","114.984","4"
"spotify:track:2sEk5R8ErGIFxbZ7rX6S2S","How to Be a Heartbreaker","Electra Heart (Deluxe)","MARINA","2012-04-27","221493","72","False","indie, pop","Atlantic Records UK","0.69","0.897","11","-4.696","0","0.0506","0.0142","0","0.108","0.849","140.05","4"
"spotify:track:2BwO5K8Q7EPAJSGze3AAh9","Manchild","Man’s Best Friend","Sabrina Carpenter","2025-08-29","213645","90","True","pop","Island Records","0.73","0.686","7","-5.107","1","0.0615","0.0987","0","0.317","0.839","123.014","4"
"spotify:track:42VUCXerQ5qTr4Qp6PhKo4","Tears","Man’s Best Friend","Sabrina Carpenter","2025-08-29","160183","87","False","pop","Island Records","0.699","0.876","0","-4.855","1","0.0514","0.0204","0.000105","0.0307","0.485","113.036","4"
"spotify:track:3EMfeKtNK4q4k3sVjwg5Yy","My Man on Willpower","Man’s Best Friend","Sabrina Carpenter","2025-08-29","197817","81","True","pop","Island Records","0.612","0.776","10","-3.122","1","0.0357","0.0865","0","0.105","0.431","120.085","4"
"spotify:track:5B3GZOZYXNzWpUXQC42hxZ","Sugar Talking","Man’s Best Friend","Sabrina Carpenter","2025-08-29","183770","81","True","pop","Island Records","0.482","0.777","2","-4.812","0","0.0338","0.0489","0","0.115","0.396","151.967","4"
"spotify:track:6wkYQMrFfb0huLB5Qn19Iv","We Almost Broke Up Again Last Night","Man’s Best Friend","Sabrina Carpenter","2025-08-29","203378","78","True","pop","Island Records","0.353","0.566","4","-5.123","1","0.0323","0.526","0","0.247","0.274","175.972","4"
"spotify:track:4SRShYMtFIGgnOU7iBicMH","Nobody’s Son","Man’s Best Friend","Sabrina Carpenter","2025-08-29","182576","85","True","pop","Island Records","0.452","0.735","2","-4.921","1","0.0449","0.336","0","0.0649","0.65","173.919","4"
"spotify:track:1PdUyYYw9sGU0yhLrpeHKt","Never Getting Laid","Man’s Best Friend","Sabrina Carpenter","2025-08-29","208211","77","True","pop","Island Records","0.573","0.554","9","-6.021","1","0.0307","0.546","1.05E-6","0.131","0.319","92.068","4"
"spotify:track:0je57Uq5eTk1wrPzn9sWbl","When Did You Get Hot?","Man’s Best Friend","Sabrina Carpenter","2025-08-29","145398","87","False","pop","Island Records","0.696","0.665","5","-4.559","1","0.13","0.231","0","0.33","0.573","89.136","4"
"spotify:track:1qyw5wSUkEvH8DtaCdx7Lg","Go Go Juice","Man’s Best Friend","Sabrina Carpenter","2025-08-29","193315","80","True","pop","Island Records","0.657","0.753","10","-4.075","1","0.046","0.302","0","0.098","0.713","131.962","4"
"spotify:track:21IVPfi81m6ywNgOvqTj1i","Don’t Worry I’ll Make You Worry","Man’s Best Friend","Sabrina Carpenter","2025-08-29","222320","75","True","pop","Island Records","0.455","0.437","1","-6.961","1","0.0259","0.458","0","0.151","0.278","89.973","4"
"spotify:track:25jgQBxuUkGDdCG1WGKKN9","House Tour","Man’s Best Friend","Sabrina Carpenter","2025-08-29","169214","88","False","pop","Island Records","0.765","0.877","6","-4.897","1","0.0844","0.13","0","0.352","0.608","117.997","4"
"spotify:track:4tVVmShMF2PYdLqcejrsy2","Goodbye","Man’s Best Friend","Sabrina Carpenter","2025-08-29","225084","81","True","pop","Island Records","0.567","0.616","9","-5.871","1","0.0483","0.185","0","0.101","0.523","120.121","4"
